seed,modality,fold,correct,variable,n,mean,std,min,p05,p25,median,p75,p95,max
42,emg,-1,-1,logit0,85,0.21310313851298654,0.4885891797413334,-1.1289244890213013,-0.3352942645549774,-0.0857775956392288,0.1144283041357994,0.3426877856254577,1.1120167732238768,1.419502854347229
42,emg,-1,-1,logit1,85,0.7914398701450623,1.1365708929680294,-1.2411584854125977,-0.5272705852985382,-0.0098908087238669,0.5532681345939636,1.475961685180664,2.683338451385498,5.138706684112549
42,emg,-1,-1,offset,85,0.5022715043290245,0.6266576855495657,-0.5193814635276794,-0.20181748196482655,0.01178966090083125,0.3017789199948311,0.8985525369644165,1.8643564343452452,2.236203745007515
42,emg,-1,-1,gap,85,0.5783367316320758,1.220748189911233,-2.274908661842346,-0.764326649904251,-0.009571641683578491,0.3608309030532837,0.9536612033843994,2.479870538413524,6.26763117313385
42,emg,-1,-1,abs_gap,85,0.8842212441514301,1.0212014050703808,0.004336148500442505,0.032556729763746295,0.268233262002468,0.42619621753692627,1.1536800861358643,2.479870538413524,6.26763117313385
42,emg,-1,-1,quality,85,0.1366124345318359,0.08593119240082163,0.0182202290743589,0.050270985066890636,0.0742520317435264,0.1116879805922508,0.1839461773633957,0.2855847060680389,0.5140601992607117
42,emg,-1,-1,loss,85,0.7402346574509471,0.6149041971329721,0.0018949197632656123,0.10286654549911756,0.43922920694816603,0.5987280906177526,0.8632875277470826,2.13701695688063,3.760030724960917
42,emg,-1,0,logit0,31,0.13712683721115032,0.4206773081990794,-0.6895439624786377,-0.3248733282089233,-0.15358671545982355,-0.0042930976487696,0.2989067435264587,0.9683561027050018,1.2174077033996582
42,emg,-1,0,logit1,31,0.4967089242812607,1.06328780614505,-1.110373854637146,-0.8217592835426332,-0.17117813974618906,0.1009223610162735,0.9986904561519622,2.6084145307540894,3.296011447906494
42,emg,-1,0,offset,31,0.31691788074620547,0.5467723066558181,-0.28378644585609436,-0.23862751573324203,-0.07615139393601562,0.0828019566833973,0.7309119636192918,1.1531778126955032,2.030520111322403
42,emg,-1,0,gap,31,0.35958208707011036,1.191327365318978,-2.113161563873291,-1.3413768708705902,-0.31868772208690643,0.20529732480645171,0.932255394756794,2.403202336281538,3.7364723682403564
42,emg,-1,0,abs_gap,31,0.8732858388083836,0.8865280663556523,0.028291344642639188,0.07964531891047955,0.2883038967847824,0.3874778151512146,1.1535510048270226,2.403202336281538,3.7364723682403564
42,emg,-1,0,quality,31,0.11689317899365576,0.07337869007266001,0.0420059189200401,0.0459577403962612,0.06499518081545824,0.0866624563932418,0.15323315560817713,0.26690988987684244,0.3372584283351898
42,emg,-1,0,loss,31,1.2886567924248402,0.7020628598214348,0.707392899567485,0.7338750728406022,0.8476560231297574,0.9055372273201958,1.427778762530635,2.490393869693664,3.760030724960917
42,emg,-1,1,logit0,54,0.256719163334411,0.518606124542351,-1.1289244890213013,-0.30373383760452266,-0.049282728694379274,0.16677741706371302,0.4025697708129883,1.1574267566204066,1.419502854347229
42,emg,-1,1,logit1,54,0.9606372649928003,1.1427361060409795,-1.2411584854125977,-0.3448308482766151,0.15275181829929346,0.7021656334400177,1.5214397013187408,2.653773105144501,5.138706684112549
42,emg,-1,1,offset,54,0.6086782141636057,0.6445682615108619,-0.5193814635276794,-0.13626931407488885,0.12090746476314962,0.434731537476182,1.0219013784080744,1.8791392624378205,2.236203745007515
42,emg,-1,1,gap,54,0.7039181016583892,1.2197226184409857,-2.274908661842346,-0.35915647186338895,0.1313476990908385,0.4066043943166733,0.952635146677494,2.494090001285072,6.26763117313385
42,emg,-1,1,abs_gap,54,0.8904989768483641,1.0909791620424754,0.004336148500442505,0.01731470376253124,0.2510846331715583,0.43262304214295,1.2372000627219677,2.521641789376732,6.26763117313385
42,emg,-1,1,quality,54,0.14793274789634675,0.09044771822670412,0.0182202290743589,0.05642356015741819,0.08604226447641843,0.1181589849293232,0.19677032530307764,0.2813871562480926,0.5140601992607117
42,emg,-1,1,loss,54,0.42539972811408266,0.20106852561306834,0.0018949197632656123,0.08095086897503895,0.2557487405284837,0.5000557226941289,0.5754680628748876,0.6845306947119718,0.6909814565808599
42,emg,0,-1,logit0,17,0.18817103660994156,0.36352802621913227,-0.6494606137275696,-0.34712299108505246,-0.0033419101964682,0.2280470877885818,0.2975251376628876,0.8120037794113156,1.0337501764297483
42,emg,0,-1,logit1,17,0.5398126664187979,0.8313868053073531,-1.2411584854125977,-1.1218407630920413,0.1092569157481193,0.6898053884506226,1.2267354726791382,1.5673698186874387,1.7367366552352903
42,emg,0,-1,offset,17,0.3639918515143697,0.42570502135995675,-0.5193814635276794,-0.23805395364761361,-0.0248597152531147,0.4269726201891899,0.7723036259412766,0.886346574872732,0.9255824796855449
42,emg,0,-1,gap,17,0.3516416298088562,0.9601115721245966,-2.274908661842346,-1.933844542503357,0.2877987679094075,0.43904986674897367,0.8673241436481476,1.3620464876294134,1.622308351099491
42,emg,0,-1,abs_gap,17,0.8367577679866158,0.5876244586947091,0.2601583003997803,0.2666182696819305,0.3608309030532837,0.7206639945507052,1.0112739205360413,1.9338445425033568,2.274908661842346
42,emg,0,-1,quality,17,0.11752072338233974,0.04476854162779117,0.0182202290743589,0.04971012435853474,0.0902795866131782,0.1154269948601722,0.1574162095785141,0.1796732038259506,0.1916924566030502
42,emg,0,-1,loss,17,0.6213028513267045,0.45953266929127917,0.0978581111997352,0.16372198556445702,0.35070905661805063,0.5025846813740915,0.5715045712726897,1.4561742823441208,1.9948071839881671
42,emg,0,0,logit0,4,0.299973763525486,0.3250253655724195,-0.1589763462543487,-0.0961874291300773,0.1549682393670082,0.3011521100997925,0.4461576342582702,0.6944852709770201,0.7565671801567078
42,emg,0,0,logit1,4,0.3466665875166654,0.9471119704155664,-1.092011332511902,-0.9118210952728989,-0.19106014631688606,0.5623579882085322,1.1000847220420835,1.3031863093376157,1.353961706161499
42,emg,0,0,offset,4,0.3233201755210757,0.42916028789411803,-0.16772207617759716,-0.1462927220389248,-0.060575305484235314,0.3063390161842107,0.6902344971895217,0.816706696152687,0.8483247458934784
42,emg,0,0,gap,4,0.0466928239911793,1.1263263002871033,-1.8485785126686098,-1.531056746467948,-0.26096968166530143,0.5120379440486429,0.8197004497051237,0.9729592263698577,1.0112739205360413
42,emg,0,0,abs_gap,4,0.9709820803254843,0.5726997068425127,0.268233262002468,0.3413746666163205,0.6339402850717304,0.8835582733154296,1.2206000685691833,1.7229828238487244,1.8485785126686098
42,emg,0,0,quality,4,0.11611783131957049,0.03909072871796249,0.0677254274487495,0.0711085513234138,0.08464104682207102,0.11516275629401204,0.1466395407915115,0.162464216351509,0.1664203852415084
42,emg,0,0,loss,4,1.3233491911011694,0.4246917257711176,0.8362306137142681,0.8819224581224978,1.0646898357554166,1.2311794833511214,1.489838838696874,1.8938135149299082,1.9948071839881671
42,emg,0,1,logit0,13,0.15377019755900478,0.3678048036761192,-0.6494606137275696,-0.4227073967456817,-0.0033419101964682,0.1924372315406799,0.2883296608924866,0.6291468679904928,1.0337501764297483
42,emg,0,1,logit1,13,0.5992422291579155,0.782857095880272,-1.2411584854125977,-0.7300447821617126,0.2874758839607239,0.6898053884506226,1.2267354726791382,1.6097115278244014,1.7367366552352903
42,emg,0,1,offset,13,0.37650621335846013,0.42385176441532324,-0.5193814635276794,-0.2843361062929034,0.13272038754075768,0.4269726201891899,0.7723036259412766,0.8961555510759353,0.9255824796855449
42,emg,0,1,gap,13,0.4454720315989107,0.8818673026950898,-2.274908661842346,-0.75386848449707,0.3095109928399324,0.43904986674897367,0.8673241436481476,1.4271119534969325,1.622308351099491
42,emg,0,1,abs_gap,13,0.7954579795746562,0.5859879463185055,0.2601583003997803,0.2767425809055566,0.3608309030532837,0.5256655365228653,0.949556976556778,1.883348475396632,2.274908661842346
42,emg,0,1,quality,13,0.11795238247857644,0.04636738279578686,0.0182202290743589,0.04183765053749078,0.0933234766125679,0.1154269948601722,0.1574162095785141,0.18267801702022549,0.1916924566030502
42,emg,0,1,loss,13,0.4052885929345615,0.1494497811696592,0.0978581111997352,0.1472560169732766,0.3270799791020538,0.4644644372392548,0.5289190650312154,0.5643412948674279,0.5715045712726897
42,emg,1,-1,logit0,17,0.00413541951874161,0.34653681110055046,-1.1289244890213013,-0.5050509929656982,-0.1481970846652984,0.1113966703414917,0.2221172302961349,0.3208021163940429,0.3434286117553711
42,emg,1,-1,logit1,17,1.2623083331923493,1.3338289340483704,-0.1697868406772613,-0.11703169345855706,0.2743494808673858,0.8113366365432739,2.027080535888672,3.132363605499266,5.138706684112549
42,emg,1,-1,offset,17,0.6332218763555455,0.5090276287944424,0.07267932593822479,0.08077743053436279,0.23542670905590055,0.442490454763174,0.9355562701821327,1.3136563062667843,2.004891097545624
42,emg,1,-1,gap,17,1.2581729136736077,1.6619080197171958,-0.4849323332309722,-0.3956182479858397,0.004336148500442505,0.7376923635601998,2.1830485314130783,3.637414598464964,6.26763117313385
42,emg,1,-1,abs_gap,17,1.3835713945822243,1.559059826560888,0.004336148500442505,0.008524543046951294,0.19809338613413258,0.7376923635601998,2.1830485314130783,3.637414598464964,6.26763117313385
42,emg,1,-1,quality,17,0.16830997037536952,0.10649110982919183,0.0793267115950584,0.07944785207509991,0.0936245918273925,0.120217278599739,0.2133867740631103,0.31723841428756694,0.5140601992607117
42,emg,1,-1,loss,17,0.6631100348433584,0.6575541681981322,0.0018949197632656123,0.040020347827421254,0.14983428181728575,0.5989976120358946,0.6909814565808599,2.212701973512934,2.3732322671496853
42,emg,1,0,logit0,4,0.08271847106516361,0.21074037246301822,-0.1481970846652984,-0.14179572351276867,-0.1161902789026498,0.08196273818612099,0.2808714881539344,0.30829069167375556,0.3151454925537109
42,emg,1,0,logit1,4,0.9499337766319513,1.0910727530611166,-0.1697868406772613,-0.15989525057375426,-0.12032889015972607,0.8998106457293036,1.970073312520981,2.129935187101364,2.16990065574646
42,emg,1,0,offset,4,0.5163261238485575,0.4419909302568938,0.07267932593822479,0.07419772055000066,0.08027129899710417,0.48021775670349603,0.9162725815549494,1.0090062411502003,1.0321896560490131
42,emg,1,0,gap,4,0.8672153055667877,1.299337748393009,-0.4849323332309722,-0.46818594224750987,-0.4012003783136605,0.8391857780516148,2.107601461932063,2.2418578919023275,2.2754219993948936
42,emg,1,0,abs_gap,4,1.2963263355195522,0.8717103890896111,0.3732897266745566,0.39003611765801893,0.4570216815918683,1.2682968080043793,2.107601461932063,2.2418578919023275,2.2754219993948936
42,emg,1,0,quality,4,0.14700720831751818,0.06814227557206255,0.0793267115950584,0.07935177236795421,0.07945201545953745,0.14096551015973086,0.20852070301771158,0.22312102168798437,0.2267711013555526
42,emg,1,0,loss,4,1.6019090866543975,0.6751552347764461,0.8971099953708975,0.907252198664252,0.94782101183767,1.5686470420485037,2.222735116865231,2.3431328370927944,2.3732322671496853
42,emg,1,1,logit0,13,-0.020043980957080564,0.3753505415978045,-1.1289244890213013,-0.661019366979599,-0.1559679955244064,0.1113966703414917,0.2089266031980514,0.2993794441223143,0.3434286117553711
42,emg,1,1,logit1,13,1.3584235813647796,1.3859883264531572,-0.0023096667136996,0.10685464972630145,0.3338569700717926,0.8113366365432739,2.027080535888672,3.633949375152585,5.138706684112549
42,emg,1,1,offset,13,0.6691898002038494,0.5227114786794257,0.0967370263533667,0.14340856340713795,0.27218140661716456,0.442490454763174,0.9355562701821327,1.4864650040864933,2.004891097545624
42,emg,1,1,gap,13,1.37846756232186,1.7409176259982697,-0.19809338613413258,-0.08498033946380011,0.0102158784866333,0.7376923635601998,2.1830485314130783,4.294968742132182,6.26763117313385
42,emg,1,1,abs_gap,13,1.4104160281399696,1.7151366209287513,0.004336148500442505,0.007477444410324097,0.15932337939739233,0.7376923635601998,2.1830485314130783,4.294968742132182,6.26763117313385
42,emg,1,1,quality,13,0.17486466639316994,0.1149711729591568,0.0794781371951103,0.08385224789381023,0.0965330973267555,0.120217278599739,0.2133867740631103,0.3664438605308529,0.5140601992607117
42,emg,1,1,loss,13,0.37424878813226936,0.26558695070061494,0.0018949197632656123,0.030488990811382347,0.1067871977181527,0.39083608538545267,0.6166551329720599,0.6894162696613468,0.6909814565808599
42,emg,2,-1,logit0,17,-0.062326521420960894,0.19590084645093284,-0.6895439624786377,-0.31696803569793697,-0.0857775956392288,-0.0390623845160007,-0.0043752999044954,0.1841662287712096,0.2826679944992065
42,emg,2,-1,logit1,17,0.4938667519565891,0.8955306560510409,-0.5515072345733643,-0.33485159873962395,-0.0886806547641754,0.1817531585693359,0.6934520602226257,2.4352596282958983,3.0469284057617188
42,emg,2,-1,offset,17,0.2157701152678141,0.38566904252144846,-0.13441962003707889,-0.09762893859297034,-0.0605734512209892,0.07910449616611005,0.2668336257338524,1.1817415155470372,1.1939386911690237
42,emg,2,-1,gap,17,0.55619327337755,1.0419895170764224,-0.8341752290725708,-0.5190178275108337,-0.021137148141860893,0.20529732480645171,0.8532368689775467,2.4887404620647424,3.7364723682403564
42,emg,2,-1,abs_gap,17,0.7342445046421798,0.9251908551484662,0.021137148141860893,0.04392204582691194,0.1029238924384116,0.4402284771203994,0.8532368689775467,2.4887404620647424,3.7364723682403564
42,emg,2,-1,quality,17,0.10446344425573065,0.06541656953331085,0.0608251355588436,0.06093330904841416,0.065660573542118,0.0777510926127433,0.1048349067568779,0.2525908231735229,0.3070486783981323
42,emg,2,-1,loss,17,0.8994318406062554,0.7851852958610608,0.10742108586490806,0.25990631305279727,0.5295004001174393,0.6826344528283489,0.9372934298231306,1.8941506571695803,3.760030724960917
42,emg,2,0,logit0,8,-0.08115739078493786,0.2707563132378799,-0.6895439624786377,-0.5095373965799808,-0.16364847868680948,-0.03130327537655825,0.03666537359822543,0.23957347199320783,0.2826679944992065
42,emg,2,0,logit1,8,0.47585888020694256,1.0818722454775072,-0.5515072345733643,-0.45672039389610286,-0.19959900155663482,0.04653625190258026,0.7646346539258957,2.322867316007613,3.0469284057617188
42,emg,2,0,offset,8,0.19735074471100233,0.4107936386300326,-0.13441962003707889,-0.11832369690528138,-0.07001145678805185,0.00926552247256042,0.3004930876195431,0.9066649597138162,1.1786922216415405
42,emg,2,0,gap,8,0.5570162709918804,1.3462939572135866,-0.8341752290725708,-0.6962938658893107,-0.23626437515486026,0.07783952727913851,0.9282831326127052,2.8324047125875937,3.7364723682403564
42,emg,2,0,abs_gap,8,0.9300908503937535,1.1214747234750067,0.0496182702481747,0.09114859506953508,0.19604207889642558,0.6372018530964851,0.9282831326127052,2.8324047125875937,3.7364723682403564
42,emg,2,0,quality,8,0.10858157975599166,0.07809767780339119,0.0608251355588436,0.061571756191551655,0.06398692540824409,0.07170583307743064,0.10993721149861813,0.2434170849621295,0.3070486783981323
42,emg,2,0,loss,8,1.353510437686672,0.9389567286532645,0.718264030712694,0.7401588994701814,0.7959964428239954,1.0660492525800729,1.26302051826423,2.943708195302207,3.760030724960917
42,emg,2,1,logit0,9,-0.04558797087520358,0.08204411673709514,-0.2238240540027618,-0.1686054706573486,-0.0730309709906578,-0.0402782931923866,-0.0053420145995914,0.061570849083363965,0.1055349484086036
42,emg,2,1,logit1,9,0.509873749067386,0.6884037028854846,-0.0941681191325187,-0.035483649373054496,0.0528684630990028,0.3285019695758819,0.5607810616493225,1.7030187129974363,2.282342433929444
42,emg,2,1,offset,9,0.23214288909609118,0.361086673590152,-0.08359954506158826,-0.04568626582622527,0.0237632242497057,0.1487938594073057,0.25424842722713953,0.8384050302207469,1.1939386911690237
42,emg,2,1,gap,9,0.5554617199425896,0.6631194817660161,-0.021137148141860893,0.010085053183138348,0.05821047769859421,0.3594162203371524,0.613065268844366,1.729227365553379,2.17680748552084
42,emg,2,1,abs_gap,9,0.5601588639741143,0.6591564431380759,0.021137148141860893,0.03544963095337142,0.05821047769859421,0.3594162203371524,0.613065268844366,1.729227365553379,2.17680748552084
42,emg,2,1,quality,9,0.10080287936660973,0.051314196127167505,0.0609603524208068,0.06480239033699028,0.0717334002256393,0.0858002454042434,0.0993658974766731,0.18866824805736535,0.2389763593673706
42,emg,2,1,loss,9,0.49580642097921845,0.18616985405184713,0.10742108586490806,0.18366369945885266,0.4328778568645687,0.5295004001174393,0.6644654393880823,0.6756178359834092,0.6826344528283489
42,emg,3,-1,logit0,17,0.08029189771589111,0.3926559101047892,-0.3696058094501495,-0.29803383946418754,-0.2133079022169113,-0.047315627336502,0.2105947285890579,1.0054265022277833,1.015981674194336
42,emg,3,-1,logit1,17,-0.13413266240454771,0.4011951308631953,-1.110373854637146,-0.8477083921432496,-0.3208846747875213,-0.086073100566864,0.0814308896660804,0.4619762539863584,0.681863009929657
42,emg,3,-1,offset,17,-0.026920382344328298,0.19814866961173494,-0.28378644585609436,-0.2562897503376007,-0.1760708354413509,-0.08904064632952205,0.11696982383728027,0.2845438331365583,0.48069293797016144
42,emg,3,-1,gap,17,-0.21442456012043884,0.687910468347089,-2.113161563873291,-1.8610512733459472,-0.3218770325183869,-0.028291344642639188,0.2064888551831246,0.3697254180908202,0.4023401439189911
42,emg,3,-1,abs_gap,17,0.4494816371075371,0.5631740071660654,0.028291344642639188,0.06993158757686616,0.1986915729939937,0.2930750846862793,0.3615717366337775,1.861051273345947,2.113161563873291
42,emg,3,-1,quality,17,0.07236972516950436,0.02497873253099134,0.0420059189200401,0.04390771538019178,0.0522396638989448,0.0610045790672302,0.0866624563932418,0.11741798669099808,0.1193939819931984
42,emg,3,-1,loss,17,0.786812734356128,0.40506697493792176,0.15325818851926032,0.4403130629306635,0.5987280906177526,0.7494861149685104,0.8669807769190176,1.1575999699086656,2.2272535918108733
42,emg,3,0,logit0,10,0.06697083413600922,0.37767094473750856,-0.3696058094501495,-0.3293465763330459,-0.21076465398073194,0.008346460759639754,0.19132692739367482,0.6993019551038735,1.002787709236145
42,emg,3,0,logit1,10,-0.1790002047084272,0.38801147069938335,-1.110373854637146,-0.8043514147400856,-0.3427848070859909,-0.09800865128636355,0.05860046506859358,0.26926757320761646,0.407004565000534
42,emg,3,0,offset,10,-0.05601468528620899,0.18017581146661668,-0.28378644585609436,-0.2683195546269417,-0.22294312715530393,-0.07657402567565441,0.11976632382720709,0.20118753185961386,0.23550655692815775
42,emg,3,0,gap,10,-0.2459710388444364,0.6756650025240512,-2.113161563873291,-1.3144584390800444,-0.31467654556036,-0.17657004669308657,0.2055766955018043,0.35321266241371624,0.3615717366337775
42,emg,3,0,abs_gap,10,0.44359113117679955,0.5659079924575415,0.028291344642639188,0.06491280496120452,0.2534839715808629,0.30747605860233307,0.3418134448584169,1.3249461416155082,2.113161563873291
42,emg,3,0,quality,10,0.0693657714873552,0.02294698784410981,0.0420059189200401,0.04307567942887542,0.0480939410626888,0.066118698567152,0.08625705540180201,0.10387635529041285,0.1116879805922508
42,emg,3,0,loss,10,0.9714679154540329,0.42237200152304444,0.707392899567485,0.7263348464979464,0.8279365122282263,0.8586819595208457,0.8785884176034513,1.6255734294908806,2.2272535918108733
42,emg,3,1,logit0,7,0.09932198854429383,0.4123754081532589,-0.2793152630329132,-0.25951305478811265,-0.1712596863508224,-0.0548994354903698,0.1780031584203243,0.7950440317392344,1.015981674194336
42,emg,3,1,logit1,7,-0.0700361733990056,0.4108978956756893,-0.7820420265197754,-0.6436948210000991,-0.2060850523412227,-0.0728264078497886,0.04746115766465665,0.5204417482018466,0.681863009929657
42,emg,3,1,offset,7,0.014642907572644122,0.21456888839750105,-0.1760708354413509,-0.16893858462572095,-0.1372486390173435,-0.08904064632952205,0.08070808742195366,0.3715760037302968,0.48069293797016144
42,emg,3,1,gap,7,-0.16935816194329942,0.702582297220757,-1.7980237007141113,-1.377827028185129,-0.15851323865354056,0.1220224723219872,0.20259021408855915,0.343584757298231,0.4023401439189911
42,emg,3,1,abs_gap,7,0.45789664558001925,0.5591374905614673,0.0803416483104229,0.09284589551389219,0.16035702265799046,0.2064888551831246,0.39985413476824755,1.3793186336755743,1.7980237007141113
42,emg,3,1,quality,7,0.07666108757257459,0.027050587300696146,0.0522396638989448,0.0528490830212831,0.05666331760585305,0.0604913122951984,0.0955880098044872,0.11865298375487328,0.1193939819931984
42,emg,3,1,loss,7,0.523019618501978,0.15914199839765225,0.15325818851926032,0.2609037664235365,0.5130745349293317,0.5952230171221226,0.616362033480035,0.6478468838403055,0.653782987053729
42,emg,4,-1,logit0,17,0.8552438601413194,0.44572030827964787,-0.171758234500885,-0.07026279866695403,0.622215986251831,1.0213536024093628,1.123747706413269,1.4063611268997191,1.419502854347229
42,emg,4,-1,logit1,17,1.7953442615621231,0.8874902700754597,0.8114809393882751,0.8674102663993836,0.9819218516349792,1.5106744766235352,2.356736898422241,3.4342630863189694,3.987269639968872
42,emg,4,-1,offset,17,1.3252940608517212,0.509312661201074,0.4050818085670471,0.5723911046981811,1.050683081150055,1.2705273628234863,1.8068771958351135,2.0716568380594254,2.236203745007515
42,emg,4,-1,gap,17,0.9401004014208036,0.9669610115946524,-0.3385809659957886,-0.32011492252349855,0.3874778151512146,0.564966082572937,1.5710471868515015,2.725212496519088,3.5021317899227142
42,emg,4,-1,abs_gap,17,1.0170509164385937,0.8856691233565313,0.315498411655426,0.33396445512771605,0.3874778151512146,0.564966082572937,1.5710471868515015,2.725212496519088,3.5021317899227142
42,emg,4,-1,quality,17,0.22039830947623532,0.07157529155573879,0.1256118714809417,0.1312581360340118,0.1765196770429611,0.1984629482030868,0.2682673633098602,0.35014590024948117,0.4016957879066467
42,emg,4,-1,loss,17,0.7305158261222895,0.6470642927876153,0.02968799536404987,0.14835680032696033,0.4407487906790748,0.5152160311551062,0.8632875277470826,2.0417572432232265,2.607555472237643
42,emg,4,0,logit0,5,0.5399427600204945,0.5501618842781266,-0.171758234500885,-0.14638437554240227,-0.0448889397084713,0.7650287747383118,0.9339244961738586,1.1607110619544982,1.2174077033996582
42,emg,4,0,logit1,5,1.638941240310669,0.8745942660936706,0.9019092917442322,0.9179118037223816,0.9819218516349792,1.3214023113250732,1.693461298942566,2.975501418113708,3.296011447906494
42,emg,4,0,offset,5,1.0894420001655818,0.5341596063037165,0.4050818085670471,0.48892268277704715,0.8242861796170473,1.0596584975719452,1.127663403749466,1.8499487698078154,2.030520111322403
42,emg,4,0,gap,5,1.0989984802901744,0.9969355637986862,-0.315498411655426,-0.17490316629409788,0.3874778151512146,1.1536800861358643,1.7383502386510372,2.372456186264753,2.5309826731681824
42,emg,4,0,abs_gap,5,1.2251978449523449,0.8369996527901593,0.315498411655426,0.32989429235458373,0.3874778151512146,1.1536800861358643,1.7383502386510372,2.372456186264753,2.5309826731681824
42,emg,4,0,quality,5,0.20177560746669765,0.0712401485619251,0.1256118714809417,0.13579343259334556,0.1765196770429611,0.1839461773633957,0.185541883111,0.3069151192903518,0.3372584283351898
42,emg,4,0,loss,5,1.5409129596228133,0.6546062206196098,0.8632875277470826,0.8717374676617052,0.9055372273201958,1.4278768848395222,1.900307685969623,2.4661059149840385,2.607555472237643
42,emg,4,1,logit0,12,0.9866193185249964,0.3108796040516613,0.4169559180736542,0.45445598065853116,0.8742976337671281,1.0520253777503967,1.147804170846939,1.410467916727066,1.419502854347229
42,emg,4,1,logit1,12,1.8605121870835621,0.8846852157798206,0.8114809393882751,0.8499323517084122,1.3060408383607864,1.5593587160110474,2.415652871131897,3.2773345708847037,3.987269639968872
42,emg,4,1,offset,12,1.4235657528042793,0.46450137007892833,0.6142184287309647,0.7172795109450817,1.1524394527077675,1.3213855028152466,1.8248394578695297,2.040240148454904,2.236203745007515
42,emg,4,1,gap,12,0.8738928685585657,0.9463519573861539,-0.3385809659957886,0.04496341645717622,0.39262545853853226,0.5105164349079132,1.108007699251175,2.4754869028925883,3.5021317899227142
42,emg,4,1,abs_gap,12,0.9303230295578638,0.8909376148981482,0.3385809659957886,0.3496862858533859,0.39262545853853226,0.5105164349079132,1.108007699251175,2.4754869028925883,3.5021317899227142
42,emg,4,1,quality,12,0.22815776864687598,0.07027271321795606,0.1326697021722793,0.14279281571507452,0.1868485026061535,0.2043521329760551,0.27073112130165095,0.33886076062917697,0.4016957879066467
42,emg,4,1,loss,12,0.3928503538304045,0.16413603062108,0.02968799536404987,0.11127279877605081,0.2916583341605782,0.47046701153711445,0.5159825858085886,0.5335240878861132,0.5381184038322586
42,table,-1,-1,logit0,85,-0.5977190952090656,2.6719165643618066,-5.259362697601318,-3.9827381134033204,-2.691938161849976,-1.4625054597854614,1.5806859731674194,4.235301446914671,6.06058406829834
42,table,-1,-1,logit1,85,1.9750149443307343,2.725697634742436,-3.5586276054382324,-2.655737352371216,-0.1795851588249206,2.251520156860352,3.892292499542236,6.141646575927734,7.182566165924072
42,table,-1,-1,offset,85,0.6886479245608343,0.517507358139955,-0.5444449186325073,-0.15265355110168438,0.37679535150527954,0.6567604541778564,1.1011570747941732,1.5203454971313475,1.623030662536621
42,table,-1,-1,gap,85,2.5727340395398,5.297723660496746,-8.875106811523438,-6.793414878845215,-1.8237831369042397,4.035114526748657,6.505619287490845,9.47795524597168,11.184080123901367
42,table,-1,-1,abs_gap,85,5.189545950950945,2.7845016150403774,0.0034246444702148438,1.080715161561966,2.844422936439514,5.187612175941467,7.058641195297241,9.47795524597168,11.184080123901367
42,table,-1,-1,quality,85,0.3346204528913778,0.15520259322793206,0.0945814475417137,0.13302145898342133,0.2135787457227707,0.3099511265754699,0.4361803531646728,0.6148876070976257,0.7182580232620239
42,table,-1,-1,loss,85,0.4735182922302979,1.142188019321188,1.3893533099995636e-05,7.655483244697336e-05,0.0008595762573024857,0.006998004973693295,0.1294876300222878,2.883429087872235,5.4580342796961485
42,table,-1,0,logit0,15,1.2010907928148906,1.3899454355520784,-1.5614707469940186,-1.2232604861259462,0.540030300617218,1.0592023134231567,2.363553524017334,3.070432066917419,3.4173150062561035
42,table,-1,0,logit1,15,0.23276565844813982,1.3898943859232182,-1.8079348802566528,-1.788296914100647,-0.6057294309139252,0.0033278577029705,1.0031747221946716,2.1396596789360016,3.892292499542236
42,table,-1,0,offset,15,0.7169282256315151,0.3422068919728189,0.023624658584594505,0.10790449976921077,0.5102892331779003,0.8046900629997253,0.9766194224357605,1.15631243288517,1.1654108762741087
42,table,-1,0,gap,15,-0.9683251343667507,2.6942693272965657,-5.225249886512756,-4.586921358108521,-2.797919124364853,-1.2166683673858643,0.5321269929409027,3.1788420200347867,5.453763246536255
42,table,-1,0,abs_gap,15,2.3274966123203438,1.667183341295971,0.0034246444702148438,0.148410564661026,1.1387488543987274,2.1956584341824055,3.3446691930294037,5.293803894519805,5.453763246536255
42,table,-1,0,quality,15,0.2082563574115435,0.08252737198792469,0.1011807471513748,0.1164724178612232,0.14534389972686765,0.1685793846845626,0.25683872401714325,0.3564844816923141,0.3896563649177551
42,table,-1,0,loss,15,2.529383625761744,1.4955562167820724,0.6948609688180547,0.7712246518418691,1.4171044919478137,2.3011756745779177,3.3835200111990407,5.2988404247575005,5.4580342796961485
42,table,-1,1,logit0,70,-0.9831783569284848,2.7226857588740607,-5.259362697601318,-4.125018954277039,-2.795908212661743,-2.101930856704712,0.8686167970299721,4.328452324867248,6.06058406829834
42,table,-1,1,logit1,70,2.3483540770198617,2.7960073917513144,-3.5586276054382324,-2.7627899050712585,0.46132414788007736,2.8071560859680176,4.552248477935791,6.230177330970764,7.182566165924072
42,table,-1,1,offset,70,0.6825878600456885,0.5476316266445448,-0.5444449186325073,-0.22378124296665186,0.3530033826828003,0.6318596452474594,1.1839956641197207,1.5620604276657104,1.623030662536621
42,table,-1,1,gap,70,3.3315324339483467,5.409412958778597,-8.875106811523438,-6.810382843017578,-0.6626153253018856,4.875563025474548,7.418825089931488,9.563676106929778,11.184080123901367
42,table,-1,1,abs_gap,70,5.80284223780036,2.586093362632471,0.8303140252828598,1.5063701793551445,4.043356567621231,5.928547739982605,7.812260687351227,9.563676106929778,11.184080123901367
42,table,-1,1,quality,70,0.36169847335134236,0.1537373316755471,0.0945814475417137,0.15170456841588018,0.2311340607702732,0.34618157148361206,0.47767589986324305,0.6230256170034408,0.7182580232620239
42,table,-1,1,loss,70,0.03297572075927387,0.07130839049146172,1.3893533099995636e-05,7.037383211341285e-05,0.0004085977057493029,0.0026630811252170705,0.017388196659191002,0.20352589827077466,0.36180045018397977
42,table,0,-1,logit0,17,-0.3467572752167197,2.099855107680297,-2.40726375579834,-2.3609018325805664,-2.1863064765930176,-0.6738228797912598,0.9543465971946716,3.5986665725708002,4.32407283782959
42,table,0,-1,logit1,17,1.5593904809040182,2.00709073318136,-2.480443239212036,-1.9424365520477296,0.1419469565153122,1.5380034446716309,3.4998273849487305,3.7628310203552244,4.064396381378174
42,table,0,-1,offset,17,0.6063166028436493,0.14022299407950514,0.43209028244018555,0.4402277946472168,0.48642879724502563,0.5997369289398193,0.6595147848129272,0.8472160100936889,0.9218147993087769
42,table,0,-1,gap,17,1.9061477561207378,4.098409376413312,-6.804516077041626,-5.54110312461853,-0.8123996406793594,2.2118263244628906,5.686133861541748,6.108453845977783,6.471660137176514
42,table,0,-1,abs_gap,17,4.074540535316748,1.9566497159423784,0.8123996406793594,1.188789227604866,2.2118263244628906,4.831491231918335,5.792861700057983,6.538231325149536,6.804516077041626
42,table,0,-1,quality,17,0.2715302092187545,0.09863573406565158,0.1321619600057602,0.13623802363872523,0.1641913503408432,0.2897169888019562,0.3525212109088897,0.41177896857261653,0.4325180947780609
42,table,0,-1,loss,17,0.5134529921085623,1.2644667389229673,0.0011081423774639276,0.0014579973546423376,0.0030446041436285043,0.015772077039643673,0.12437171650524581,2.3889173253236184,5.230614486926652
42,table,0,0,logit0,3,1.4118173321088154,1.4863476263315845,-0.1362096071243286,-0.027153986692428578,0.4090684950351715,0.9543465971946716,2.1858308017253876,3.17101816534996,3.4173150062561035
42,table,0,0,logit1,3,-0.11010148624579112,1.2956929647331585,-1.8079348802566528,-1.6129466965794563,-0.8329939618706703,0.1419469565153122,0.7388152107596397,1.2163098141551016,1.3356834650039673
42,table,0,0,offset,3,0.6508579229315122,0.11079600304616488,0.5481467768549919,0.5533057920634746,0.5739418528974056,0.5997369289398193,0.7022134959697723,0.7841947495937347,0.8046900629997253
42,table,0,0,gap,3,-1.5219188183546066,2.7797474765088017,-5.225249886512756,-4.783964861929417,-3.018824763596058,-0.8123996406793594,0.32974671572446823,1.2434638008475303,1.471893072128296
42,table,0,0,abs_gap,3,2.5031808664401374,1.9435324727688335,0.8123996406793594,0.8783489838242531,1.1421463564038277,1.471893072128296,3.348571479320526,4.84991420507431,5.225249886512756
42,table,0,0,quality,3,0.20955275495847067,0.09427521989876476,0.1321619600057602,0.13436859846115112,0.14319515228271484,0.1542283445596695,0.2482481524348259,0.323463998734951,0.3422679603099823
42,table,0,0,loss,3,2.6962600139938964,1.8035926965087785,1.179672520132175,1.2295545716112437,1.429082777527519,1.6784930349228633,3.4545537609247576,4.875402341726272,5.230614486926652
42,table,0,1,logit0,14,-0.7235946910721915,2.0189481555278737,-2.40726375579834,-2.369594693183899,-2.2495973110198975,-1.778930425643921,-0.2449721395969391,2.9155634045600882,4.32407283782959
42,table,0,1,logit1,14,1.9171387595789773,1.9510652748936839,-2.480443239212036,-1.4409155398607254,1.2226053774356842,2.707624077796936,3.516582429409027,3.8193745255470275,4.064396381378174
42,table,0,1,offset,14,0.5967720342533929,0.1439761546859143,0.43209028244018555,0.43870201110839846,0.47671817243099224,0.5852729976177216,0.6588262021541595,0.8612032830715179,0.9218147993087769
42,table,0,1,gap,14,2.640733450651169,3.9601386580192073,-6.804516077041626,-4.3564789444208145,1.4675775170326233,4.486554503440857,5.766179740428925,6.176555025577545,6.471660137176514
42,table,0,1,abs_gap,14,4.411260464361736,1.788002366800805,1.2828866243362427,1.7630829453468322,2.6727272123098373,4.875563025474548,5.938122272491455,6.588159716129303,6.804516077041626
42,table,0,1,quality,14,0.2848110922745296,0.09439155714831646,0.1372570395469665,0.15406646355986592,0.19725075364112848,0.29032623767852783,0.36343829333782196,0.41566755473613737,0.4325180947780609
42,table,0,1,loss,14,0.04570863027599059,0.068205526525559,0.0011081423774639276,0.0013923995464213857,0.00264303971377855,0.007609129462100572,0.06804115934628874,0.16648600853221512,0.24469826515372972
42,table,1,-1,logit0,17,-0.6552311655353097,2.7347254562706356,-4.315408706665039,-4.302610778808594,-2.813020944595337,-1.3025773763656616,1.5806859731674194,3.1666660785675047,3.5918753147125244
42,table,1,-1,logit1,17,2.118357185931767,2.0978829015188354,-1.0955897569656372,-0.9576359510421752,0.420427531003952,2.166443347930908,3.805938720703125,5.126754474639893,5.168175220489502
42,table,1,-1,offset,17,0.7315630101982284,0.36959854987979845,0.24393486976623513,0.2706549167633056,0.4084939956665039,0.7566443681716919,0.9993102252483368,1.288508240878582,1.4499700888991356
42,table,1,-1,gap,17,2.7735883514670765,4.818014075013319,-4.687465071678162,-4.013425374031067,-1.1602584421634674,3.46902072429657,6.618959665298462,9.240434074401856,9.415810585021973
42,table,1,-1,abs_gap,17,4.641281177892404,3.0601570218147294,0.0034246444702148438,0.16912283897399905,2.7514153122901917,3.844915449619293,6.618959665298462,9.240434074401856,9.415810585021973
42,table,1,-1,quality,17,0.31692373401978435,0.11950272780814089,0.1572223156690597,0.16365302503108978,0.219711571931839,0.3099511265754699,0.3807272613048553,0.512684953212738,0.5168322920799255
42,table,1,-1,loss,17,0.5176397210714287,1.0729064437868974,8.142311991399254e-05,9.73881445009539e-05,0.0013339288031830598,0.024086755161177642,0.2726231336311007,3.023853961502118,3.8660781416726584
42,table,1,0,logit0,4,1.8466133177280426,0.8916100032457788,0.8773622512817383,0.904638260602951,1.0137422978878021,1.7936615347862244,2.626532554626465,2.8627208709716796,2.9217679500579834
42,table,1,0,logit1,4,0.14574994146823883,0.7604423584087163,-0.9231474995613098,-0.8181695580482483,-0.39825779199600214,0.312680184841156,0.856687918305397,0.8759671002626419,0.8807868957519531
42,table,1,0,offset,4,0.9961816295981407,0.09989674655857411,0.8790745735168457,0.8903026804327965,0.9352151080965996,0.9766194224357605,1.0375859439373016,1.1294476687908173,1.1524131000041962
42,table,1,0,gap,4,-1.7008633762598038,1.6451639786988848,-3.844915449619293,-3.680890429019928,-3.024790346622467,-1.4809813499450684,-0.1570543795824051,-0.02867116034030922,0.0034246444702148438
42,table,1,0,abs_gap,4,1.7025756984949112,1.643391837756537,0.0034246444702148438,0.03449305593967438,0.1587667018175125,1.4809813499450684,3.024790346622467,3.680890429019928,3.844915449619293
42,table,1,0,quality,4,0.21894410625100133,0.05910468604738679,0.1572223156690597,0.15842807367444034,0.1632511056959629,0.2121305167675018,0.2678235173225402,0.28899916410446164,0.294293075799942
42,table,1,0,loss,4,2.0445472428791396,1.3481174045659399,0.6948609688180547,0.7112246151803007,0.7766792006292844,1.8086249305129223,3.0764929727627774,3.7081611078906818,3.8660781416726584
42,table,1,1,logit0,13,-1.4250294680778797,2.648916426490556,-4.315408706665039,-4.305810260772705,-3.654886484146118,-2.327656984329224,0.3351657688617706,3.272968387603759,3.5918753147125244
42,table,1,1,logit1,13,2.725313261151314,2.0029202502377292,-1.0955897569656372,-0.5344900578260421,1.650874137878418,3.1798079013824463,4.780738353729248,5.137109661102295,5.168175220489502
42,table,1,1,offset,13,0.6501418965367171,0.38391313437290664,0.24393486976623513,0.263974905014038,0.3945073485374453,0.46796143054962136,0.9930199533700943,1.32887370288372,1.4499700888991356
42,table,1,1,gap,13,4.150342729229194,4.633285912579927,-4.687465071678162,-3.807458445429802,1.3157083690166473,5.59123682975769,8.82306170463562,9.284278202056884,9.415810585021973
42,table,1,1,abs_gap,13,5.545498248476249,2.8178240353017254,1.1602584421634674,1.2535283982753753,3.46902072429657,5.59123682975769,8.82306170463562,9.284278202056884,9.415810585021973
42,table,1,1,quality,13,0.3470713117947945,0.1172067384302662,0.1853309124708175,0.1874447077512741,0.2275606840848922,0.326730340719223,0.4780860841274261,0.5137217879295349,0.5168322920799255
42,table,1,1,loss,13,0.04782202205367174,0.08954536899501878,8.142311991399254e-05,9.339688835421355e-05,0.00014728584309331438,0.003723470398963258,0.030672276989979874,0.2516482370183924,0.2726231336311007
42,table,2,-1,logit0,17,-0.6622841533492593,3.0363912210375554,-3.334811925888061,-3.2387689113616944,-2.730088710784912,-2.400158643722534,0.327701985836029,5.022802543640136,6.06058406829834
42,table,2,-1,logit1,17,3.124681206967901,2.970866508956685,-2.8145227432250977,-2.2043651580810546,1.3885313272476196,4.293709754943848,5.28930139541626,6.32461519241333,6.508142948150635
42,table,2,-1,offset,17,1.2311985268093206,0.23538290688311436,0.8293337821960449,0.8523600816726684,1.1011570747941732,1.2407947778701782,1.3582342267036438,1.5939385414123537,1.623030662536621
42,table,2,-1,gap,17,3.78696536031716,5.989141714057019,-8.875106811523438,-7.227167701721191,1.0608293414115906,6.9287519454956055,7.904029607772827,9.563384103775023,9.842954874038696
42,table,2,-1,abs_gap,17,6.678910061936168,2.3670837534543927,1.0608293414115906,1.9686926156282425,5.453763246536255,7.345840930938721,8.319695234298706,9.563384103775023,9.842954874038696
42,table,2,-1,quality,17,0.459629823179806,0.13022128535934752,0.1685793846845626,0.21807615458965302,0.3896563649177551,0.4764453470706939,0.5483807921409607,0.6324686169624328,0.6508195996284485
42,table,2,-1,loss,17,0.538012364549094,1.3721916603954942,5.3118704911980785e-05,7.089394944657102e-05,0.00024364043246283273,0.0006450624143061745,0.008418494569927937,2.9325473956015617,5.4580342796961485
42,table,2,0,logit0,3,0.32173917690912884,1.5352059474507256,-1.5614707469940186,-1.3725534737110139,-0.6168843805789948,0.327701985836029,1.2633441388607025,2.011857861280441,2.198986291885376
42,table,2,0,logit1,3,1.7613838948309422,1.6094048121866062,0.0033278577029705,0.14184820465743542,0.6959295924752951,1.3885313272476196,2.640411913394928,3.641916382312774,3.892292499542236
42,table,2,0,offset,3,1.0415615358700354,0.13234086183025554,0.8581166565418243,0.8824206983670593,0.9796368656679988,1.1011570747941732,1.133283975534141,1.158985496126115,1.1654108762741087
42,table,2,0,gap,3,1.4396447179218133,3.1343302133494286,-2.1956584341824055,-1.8700096566230058,-0.5674145463854074,1.0608293414115906,3.2572962939739227,5.014469856023788,5.453763246536255
42,table,2,0,abs_gap,3,2.9034170073767505,1.861927088108094,1.0608293414115906,1.174312250688672,1.628243887796998,2.1956584341824055,3.82471084035933,5.127952765300869,5.453763246536255
42,table,2,0,quality,3,0.2628953655560811,0.09312453030173003,0.1685793846845626,0.1747664809226989,0.19951486587524409,0.2304503470659256,0.31005335599184036,0.3737357631325722,0.3896563649177551
42,table,2,0,loss,3,3.039100592856292,1.7532411743516063,1.3580918242948097,1.4524002093231205,1.8296337494363637,2.3011756745779177,3.879604977137033,5.142348419184325,5.4580342796961485
42,table,2,1,logit0,14,-0.8731462955474854,3.2308386853812023,-3.334811925888061,-3.256776976585388,-2.809620320796967,-2.547755002975464,-1.0896432995796204,5.2173865795135494,6.06058406829834
42,table,2,1,logit1,14,3.4168163452829634,3.111060010669805,-2.8145227432250977,-2.318769705295563,3.280285894870758,4.789061784744263,5.434998631477356,6.359026646614074,6.508142948150635
42,table,2,1,offset,14,1.271835024867739,0.23273827923947,0.8293337821960449,0.9031074643135071,1.1581712365150452,1.330501675605774,1.3808345645666122,1.5993933141231538,1.623030662536621
42,table,2,1,gap,14,4.289962640830448,6.32592740832486,-8.875106811523438,-7.536156284809112,4.369929194450378,7.394497036933899,8.215778827667236,9.615803623199463,9.842954874038696
42,table,2,1,abs_gap,14,7.487944287913186,1.5335668802582199,4.235534906387329,4.5849600553512575,6.843575179576874,7.510103225708008,8.51622211933136,9.615803623199463,9.842954874038696
42,table,2,1,quality,14,0.5017872069563184,0.09306971609394725,0.3277394771575928,0.33184019327163694,0.4639113172888755,0.5070181638002396,0.5486922860145569,0.6359094262123108,0.6508195996284485
42,table,2,1,loss,14,0.002064887054694272,0.003987427469905836,5.3118704911980785e-05,6.756109109633535e-05,0.0002015220149638175,0.0005486009324968677,0.0010669792168565007,0.010500942595373106,0.014368346071199856
42,table,3,-1,logit0,17,-0.07330921116997213,2.8814412732463013,-4.001513957977295,-3.9264105796813964,-3.023902416229248,-0.6423673033714294,2.5334713459014893,3.9037579536437987,4.332035541534424
42,table,3,-1,logit1,17,1.86350207951139,3.762525424576339,-3.5586276054382324,-3.073582744598389,-1.7798806428909302,1.9970461130142207,5.539520740509033,7.129820346832275,7.182566165924072
42,table,3,-1,offset,17,0.8950964341707089,0.45722568129957475,0.35932767391204834,0.3733018159866333,0.4221835136413574,0.8140815608203411,1.3662325143814087,1.5933207988739013,1.6044995784759521
42,table,3,-1,gap,17,1.9368112906813622,6.639456413663834,-7.890663146972656,-6.977340698242188,-4.313351988792419,2.63941341638565,8.563423156738281,11.056230926513672,11.184080123901367
42,table,3,-1,abs_gap,17,6.203249821329818,3.0583183449118234,1.3040336966514587,1.7198332488536834,3.74177497625351,6.117777109146118,8.563423156738281,11.056230926513672,11.184080123901367
42,table,3,-1,quality,17,0.403009774053798,0.18315241884842073,0.1364594548940658,0.1773408025503158,0.2546771168708801,0.3675791919231415,0.5539711713790894,0.7129836320877075,0.7182580232620239
42,table,3,-1,loss,17,0.5311297915413451,1.2066499429609674,1.3893533099995636e-05,1.5819602139366395e-05,0.00019094624078785927,0.002200924514034419,0.06896913631333979,3.1860998544711965,4.326651749454297
42,table,3,0,logit0,3,1.9183979034423828,0.5889729848545612,1.124448537826538,1.2217310667037964,1.6108611822128296,2.097273826599121,2.315372586250305,2.4898515939712524,2.5334713459014893
42,table,3,0,logit1,3,-0.9022049705187479,0.6624540985500027,-1.7798806428909302,-1.6766074895858765,-1.2635148763656616,-0.7471491098403931,-0.4633671343326568,-0.23634155392646788,-0.1795851588249206
42,table,3,0,offset,3,0.5080964664618174,0.1243510731334613,0.37679535150527954,0.3863589853048325,0.42461352050304413,0.4724316895008087,0.5737470239400864,0.6547992914915085,0.675062358379364
42,table,3,0,gap,3,-2.8206028739611306,1.2286645032679189,-4.313351988792419,-4.166459083557129,-3.578887462615967,-2.844422936439514,-2.0742283165454865,-1.4580726206302643,-1.3040336966514587
42,table,3,0,abs_gap,3,2.8206028739611306,1.2286645032679189,1.3040336966514587,1.4580726206302643,2.0742283165454865,2.844422936439514,3.578887462615967,4.166459083557129,4.313351988792419
42,table,3,0,quality,3,0.2021726121505101,0.04915760556400972,0.1364594548940658,0.14435163587331767,0.1759203597903251,0.2153812646865844,0.23502919077873224,0.25074753165245056,0.2546771168708801
42,table,3,0,loss,3,2.923931090688933,1.1360555871969615,1.544179641887079,1.6798578657709133,2.222570761306251,2.900961880725423,3.61380681508986,4.18408276258141,4.326651749454297
42,table,3,1,logit0,14,-0.5001035928726196,2.9958835728432005,-4.001513957977295,-3.9404924631118776,-3.1629701256752014,-1.25712051987648,2.6758445501327515,3.984060001373291,4.332035541534424
42,table,3,1,logit1,14,2.456153590232134,3.886615444223443,-3.5586276054382324,-3.1645286560058596,-1.6963652912527323,3.2075730562210083,5.903561234474182,7.139710187911987,7.182566165924072
42,table,3,1,offset,14,0.9780249986797571,0.45996614419881926,0.35932767391204834,0.373821359872818,0.485972486436367,0.9752262681722642,1.3974013924598694,1.595416820049286,1.6044995784759521
42,table,3,1,gap,14,2.9562571831047535,6.87865688716768,-7.890663146972656,-7.148588657379151,-4.372209841385484,4.464693576097488,9.066531360149384,11.080202651023864,11.184080123901367
42,table,3,1,abs_gap,14,6.928102738623108,2.83844491704891,1.8237831369042397,2.3539428185671567,5.196130484342575,7.319836616516113,9.066531360149384,11.080202651023864,11.184080123901367
42,table,3,1,quality,14,0.4460463087473597,0.1723939904475419,0.1875611394643783,0.19993739351630208,0.3103493452072143,0.4065134823322296,0.5903682559728622,0.7139725804328918,0.7182580232620239
42,table,3,1,loss,14,0.018386656009719133,0.04055953006939433,1.3893533099995636e-05,1.5458464194484378e-05,0.00012096219584334378,0.0007727521442555396,0.0055232669484454044,0.09720330143439557,0.14963817951635638
42,table,4,-1,logit0,17,-1.251013670774067,2.347965658345083,-5.259362697601318,-3.960857486724853,-2.703233242034912,-1.916856050491333,0.752358615398407,2.6515244007110583,3.880215883255005
42,table,4,-1,logit1,17,1.2091437683385962,1.9028793262746007,-3.1784253120422363,-2.014669990539551,-0.4643097519874573,1.8072861433029173,2.472163200378418,3.219071388244628,4.361737251281738
42,table,4,-1,offset,17,-0.020934951217735528,0.2631219568584487,-0.5444449186325073,-0.4679391622543335,-0.16193318367004372,0.023624658584594505,0.16885698586702347,0.3184272050857542,0.3508952856063843
42,table,4,-1,gap,17,2.4601574391126633,4.241562479740008,-7.058641195297241,-4.6661943912506105,-1.2166683673858643,4.035114526748657,5.17539644241333,7.128715419769285,9.621099948883057
42,table,4,-1,abs_gap,17,4.349748158279588,2.263386368763167,0.8303140252828598,1.1393974989652633,2.203875780105591,4.16334068775177,5.985349416732788,7.571132946014402,9.621099948883057
42,table,4,-1,quality,17,0.22200872398474636,0.0929920799996017,0.0945814475417137,0.09986088722944259,0.1423665583133697,0.2294681817293167,0.2601649761199951,0.39772210121154783,0.4361803531646728
42,table,4,-1,loss,17,0.2673565918810593,0.6168680986161813,6.631243609511728e-05,0.000700923493061012,0.0025121765054274547,0.015435758286814094,0.1294876300222878,1.6426083602189354,2.3085731626914083
42,table,4,0,logit0,2,-0.16297730803489696,0.9153359234333039,-1.078313231468201,-0.9867796391248705,-0.620645269751549,-0.16297730803489696,0.294690653681755,0.6608250230550765,0.752358615398407
42,table,4,0,logit1,2,0.3306263983249663,0.7949361503124236,-0.4643097519874573,-0.3848161369562149,-0.06684167683124548,0.3306263983249663,0.7280944734811781,1.0460689336061475,1.12556254863739
42,table,4,0,offset,2,0.08382454514503468,0.060199886560440174,0.023624658584594505,0.029644647240638523,0.05372460186481459,0.08382454514503468,0.11392448842525477,0.13800444304943082,0.14402443170547485
42,table,4,0,gap,2,0.4936037063598633,1.7102720737457275,-1.2166683673858643,-1.0456411600112916,-0.3615323305130005,0.4936037063598633,1.348739743232727,2.0328485727310177,2.203875780105591
42,table,4,0,abs_gap,2,1.7102720737457275,0.4936037063598633,1.2166683673858643,1.2660287380218507,1.463470220565796,1.7102720737457275,1.9570739269256592,2.1545154094696044,2.203875780105591
42,table,4,0,quality,2,0.11210336908698079,0.010922621935605996,0.1011807471513748,0.1022730093449354,0.1066420581191778,0.11210336908698079,0.1175646800547838,0.1219337288290262,0.1230259910225868
42,table,4,0,loss,2,1.892345161146113,0.41622800154529516,1.476117159600818,1.5177399597553476,1.6842311603734657,1.892345161146113,2.100459161918761,2.2669503625368788,2.3085731626914083
42,table,4,1,logit0,15,-1.3960851858059564,2.440778760030065,-5.259362697601318,-4.123170638084411,-2.980252265930176,-2.3560545444488525,0.40006688982248306,2.805110836029051,3.880215883255005
42,table,4,1,logit1,15,1.3262794176737467,1.9755657671667932,-3.1784253120422363,-2.1601394057273864,-0.05026784539222717,2.118258476257324,2.53340744972229,3.3619046211242662,4.361737251281738
42,table,4,1,offset,15,-0.03490288406610489,0.27626558321252376,-0.5444449186325073,-0.4775023818016052,-0.21815869212150568,-0.048182129859924316,0.17279507592320442,0.3224857151508329,0.3508952856063843
42,table,4,1,gap,15,2.7223646034797033,4.406271827947004,-7.058641195297241,-4.965250241756439,-0.4545436277985573,4.16334068775177,5.580372929573059,7.440263485908505,9.621099948883057
42,table,4,1,abs_gap,15,4.701678302884102,2.172722161765626,0.8303140252828598,1.4666751042008401,3.7914406657218933,4.667015314102173,6.0880128145217896,7.827378821372983,9.621099948883057
42,table,4,1,quality,15,0.23666277130444843,0.08921504360142576,0.0945814475417137,0.11295082867145537,0.1775254905223846,0.2361316978931427,0.2736265957355499,0.4025293827056884,0.4361803531646728
42,table,4,1,loss,15,0.0506914493123855,0.09561112537995342,6.631243609511728e-05,0.0006215971109402752,0.0022792612072286556,0.009356376868690841,0.022955681748201395,0.22180038913235622,0.36180045018397977
42,us,-1,-1,logit0,85,0.020469529800774405,0.7320802123832363,-2.1241238117218018,-1.0578820705413818,-0.3662905693054199,-0.0187243521213531,0.4157711267471313,1.2386958599090574,1.8759400844573972
42,us,-1,-1,logit1,85,2.4868313505369075,1.5568834053398386,-0.3944342732429504,0.608762264251709,1.497969388961792,2.0021774768829346,3.2169556617736816,5.490750217437744,7.268948554992676
42,us,-1,-1,offset,85,1.2536504401688409,0.5211698061527945,0.5199872590601444,0.6265860095620155,0.8219903558492663,1.1380044519901276,1.6161889806389809,2.167496848106384,2.572412371635437
42,us,-1,-1,gap,85,2.466361820736133,2.1984501092792508,-2.2703743577003475,-0.5064512968063353,1.1994731426239014,2.1629000902175903,3.7538504004478455,6.538023805618286,9.393072366714478
42,us,-1,-1,abs_gap,85,2.620643598931458,2.012051351520228,0.10723662376403809,0.31888718605041505,1.2510051131248474,2.169039696455002,3.7538504004478455,6.538023805618286,9.393072366714478
42,us,-1,-1,quality,85,0.2736813768744469,0.1352640498728133,0.1245415583252906,0.14550295472145075,0.1786998957395553,0.2101214230060577,0.3256098330020904,0.5492200136184692,0.7269032001495361
42,us,-1,-1,loss,85,0.8205226361695639,1.2613657751456675,8.329566800924226e-05,0.0015963564209769744,0.06197885184412,0.22804061124478903,0.9804057477264596,3.182242401978636,6.404120247283204
42,us,-1,0,logit0,26,0.276830843434884,0.6768121878266794,-1.047607183456421,-0.6489203423261642,-0.10780964605510229,0.1926004216074943,0.7197980284690857,1.3435185551643372,1.8759400844573972
42,us,-1,0,logit1,26,2.0576909356392346,1.3235536958359746,-0.3944342732429504,0.49093855172395706,1.1858521699905396,1.8272089958190918,2.915869116783142,4.405129432678223,5.354856967926025
42,us,-1,0,offset,26,1.1672608895370593,0.4384341642477617,0.6136555634438992,0.6969106514006853,0.8032993488013745,1.0459680557250977,1.5032921824604273,1.9512687288224697,2.1536248922348022
42,us,-1,0,gap,26,1.7808600922043507,1.910717190267852,-2.2703743577003475,-0.8058258220553398,0.3368372693657875,1.68108631670475,2.914376236498356,4.954170309007168,6.402464151382446
42,us,-1,0,abs_gap,26,2.1174191563175273,1.5293263110437658,0.10723662376403809,0.13508912920951843,1.0177442077547312,1.800383549183607,2.914376236498356,4.954170309007168,6.402464151382446
42,us,-1,0,quality,26,0.24378661811351776,0.09977907872713972,0.1390286684036255,0.14588725566864008,0.16946073621511454,0.20176741480827326,0.2974123731255531,0.44129977375268936,0.5356513261795044
42,us,-1,0,loss,26,2.3293148366707834,1.3662350283296736,0.7482022658887173,0.7631387731227866,1.3263069622172599,1.9536713325008574,2.9672026010157104,4.962038510123159,6.404120247283204
42,us,-1,1,logit0,59,-0.0925032524786637,0.7270012901225139,-2.1241238117218018,-1.3170219302177428,-0.4654247909784317,-0.0501993373036384,0.3691385090351105,0.8748040139675131,1.566779375076294
42,us,-1,1,logit1,59,2.6759440757460515,1.6134256536402467,0.1657788157463073,0.7632863819599152,1.6166430115699768,2.075889587402344,3.6909435987472534,5.699442815780634,7.268948554992676
42,us,-1,1,offset,59,1.2917204116336938,0.5494240080881223,0.5199872590601444,0.6236676231026649,0.8459499478340149,1.1591303013265133,1.6772308722138405,2.2564036011695854,2.572412371635437
42,us,-1,1,gap,59,2.768447328224715,2.2485282894982768,-1.4010005593299866,0.30798881053924565,1.281581699848175,2.1866803467273717,3.9707042202353477,7.016464745998373,9.393072366714478
42,us,-1,1,abs_gap,59,2.842403522795224,2.1542799937403467,0.25658094882965093,0.4124708712100983,1.2934515550732613,2.1866803467273717,3.9707042202353477,7.016464745998373,9.393072366714478
42,us,-1,1,quality,59,0.2868553383623139,0.14630260251085705,0.1245415583252906,0.1504779681563377,0.19019557535648346,0.2245920151472091,0.3706473559141159,0.5700408339500421,0.7269032001495361
42,us,-1,1,loss,59,0.15563115798258564,0.15604183065526994,8.329566800924226e-05,0.0009656979139994529,0.01869471190663674,0.1064199559437804,0.24241459659071307,0.5081001416749682,0.573063454268312
42,us,0,-1,logit0,17,0.29737259710536285,0.3485366791825853,-0.2734987735748291,-0.26945416927337645,0.1211821511387825,0.3330429792404175,0.5466688871383667,0.7976879835128783,0.9060074090957642
42,us,0,-1,logit1,17,2.0777141486897186,0.7902048406751476,0.7701252698898315,0.9699405431747437,1.607085943222046,2.0560269355773926,2.3940556049346924,3.5725971698760985,3.685026407241821
42,us,0,-1,offset,17,1.1875433728975409,0.2679232077600021,0.600308895111084,0.8053130269050598,1.0490380376577377,1.1888470351696014,1.3128867745399475,1.6537064015865326,1.7164383232593534
42,us,0,-1,gap,17,1.780341551584356,1.0975753426979318,0.11388695240020752,0.2944835901260376,1.1994731426239014,1.5043733716011052,2.4186592772603035,3.837781536579132,3.937176167964935
42,us,0,-1,abs_gap,17,1.780341551584356,1.0975753426979318,0.11388695240020752,0.2944835901260376,1.1994731426239014,1.5043733716011052,2.4186592772603035,3.837781536579132,3.937176167964935
42,us,0,-1,quality,17,0.23034828112405886,0.06332820040113568,0.1307806223630905,0.15412500798702233,0.1967019289731979,0.2220297157764434,0.2492103576660156,0.35939345955848695,0.3704341948032379
42,us,0,-1,loss,17,0.5940117061164361,0.8184385374485489,0.019315460463945833,0.021337501018514792,0.09804801343295377,0.24262662477246466,0.5376808340507346,2.1392749118068672,3.147358248856881
42,us,0,0,logit0,4,0.36751557886600494,0.42450820804529965,-0.2734987735748291,-0.1825175106525421,0.18140754103660583,0.41877683997154236,0.6048848778009415,0.8457829028367995,0.9060074090957642
42,us,0,0,logit1,4,1.9325486421585083,0.6452158350884931,1.0198943614959717,1.1405596494674684,1.6232208013534548,1.9401782751083374,2.249506115913391,2.7138561487197874,2.8299436569213867
42,us,0,0,offset,4,1.1500321105122566,0.11577960217001278,0.9629508852958679,0.993171276152134,1.114052839577198,1.1794775575399399,1.2154568284749985,1.2656693190336228,1.2782224416732788
42,us,0,0,gap,4,1.5650330632925034,1.067427618145118,0.11388695240020752,0.29477674663066866,1.0183359235525133,1.521401435136795,2.0680985748767853,2.8963736593723293,3.103442430496216
42,us,0,0,abs_gap,4,1.5650330632925034,1.067427618145118,0.11388695240020752,0.29477674663066866,1.0183359235525133,1.521401435136795,2.0680985748767853,2.8963736593723293,3.103442430496216
42,us,0,0,quality,4,0.22032504156231875,0.04381241842209604,0.1657718569040298,0.17182297632098192,0.19602745398879046,0.21407118439674372,0.238368771970272,0.27758250683546065,0.2873859405517578
42,us,0,0,loss,4,1.835734791318073,0.8625579984352827,0.7517110610751336,0.8724467685832505,1.355389598615718,1.7219349276701388,2.2022801203724938,2.958342623160003,3.147358248856881
42,us,0,1,logit0,13,0.2757901411790114,0.3184769556816928,-0.2684430181980133,-0.25866706371307374,0.1211821511387825,0.3236004114151001,0.5466688871383667,0.7127834916114806,0.770608127117157
42,us,0,1,logit1,13,2.1223804583916297,0.8246099642775997,0.7701252698898315,0.9649287462234497,1.607085943222046,2.075889587402344,2.3940556049346924,3.600704479217529,3.685026407241821
42,us,0,1,offset,13,1.1990852997853205,0.2986287270469347,0.600308895111084,0.7540619939565659,1.0490380376577377,1.1888470351696014,1.3237029016017916,1.6693893820047376,1.7164383232593534
42,us,0,1,gap,13,1.8465903172126183,1.098226689942325,0.3396327495574951,0.3881914973258972,1.1994731426239014,1.5043733716011052,2.4186592772603035,3.8626301944255825,3.937176167964935
42,us,0,1,abs_gap,13,1.8465903172126183,1.098226689942325,0.3396327495574951,0.3881914973258972,1.1994731426239014,1.5043733716011052,2.4186592772603035,3.8626301944255825,3.937176167964935
42,us,0,1,quality,13,0.23343235483536354,0.06792202170760658,0.1307806223630905,0.14828891158103938,0.1967019289731979,0.2276506423950195,0.2492103576660156,0.36215364336967465,0.3704341948032379
42,us,0,1,loss,13,0.21194306451593234,0.16316201935931493,0.019315460463945833,0.02083199087987255,0.08529741592603735,0.20061688837301128,0.26340444645541083,0.5179603724668904,0.5376808340507346
42,us,1,-1,logit0,17,0.030806728364790186,0.5470362538247444,-1.060450792312622,-0.8054199695587159,-0.2744734287261963,0.1359239816665649,0.3453551232814789,0.8411055088043211,1.039285659790039
42,us,1,-1,logit1,17,1.8821308227146374,0.8470511857873658,0.5476208925247192,0.5838160276412964,1.4360899925231934,1.6887286901474,2.3568315505981445,3.2988783836364743,3.6968607902526855
42,us,1,-1,offset,17,0.9564687755397138,0.1786472001182115,0.6922126412391663,0.7732051491737366,0.8385618329048157,0.9287570863962173,1.0212570875883102,1.235203981399536,1.4775992631912231
42,us,1,-1,gap,17,1.851324094349847,1.3805178232259372,-0.4916647672653198,-0.2572894811630249,1.236829400062561,1.432716578245163,2.749812573194504,4.29557147026062,4.438523054122925
42,us,1,-1,abs_gap,17,1.9325429681031143,1.2643211771539566,0.19869565963745117,0.29069976806640624,1.236829400062561,1.432716578245163,2.749812573194504,4.29557147026062,4.438523054122925
42,us,1,-1,quality,17,0.2137837217134588,0.06406217211031932,0.1390286684036255,0.14912714958190917,0.1687795370817184,0.1903962343931198,0.2418810427188873,0.33124481439590453,0.3708605170249939
42,us,1,-1,loss,17,0.6630330693688509,0.7988642656117811,0.011744140177655016,0.013569491625244812,0.08631680649668239,0.24735683698275324,0.9688968098936983,2.1860072637550445,2.8496819689458253
42,us,1,0,logit0,6,0.3398529899617036,0.45548863152990693,-0.2744734287261963,-0.21777876280248165,0.010500146076083197,0.2652200013399124,0.6800091341137886,0.9773543626070023,1.039285659790039
42,us,1,0,logit1,6,1.3788852790991466,0.6841771798069208,0.5476208925247192,0.5589318722486496,0.7824094444513321,1.3935666680335999,1.7315887808799741,2.344225287437439,2.515604257583618
42,us,1,0,offset,6,0.8593691345304251,0.1316732773089337,0.6922126412391663,0.7175227999687195,0.7977368161082268,0.8293933346867561,0.8804474128410219,1.0632232623174787,1.120565414428711
42,us,1,0,gap,6,1.0390322891374428,1.1321595319626898,-0.4916647672653198,-0.41842249035835266,0.10240031033754349,1.1283466666936874,1.721088634803891,2.5620040502399206,2.7900776863098145
42,us,1,0,abs_gap,6,1.2691524314383666,0.8663864088605348,0.19869565963745117,0.27193793654441833,0.6201706305146217,1.1283466666936874,1.721088634803891,2.5620040502399206,2.7900776863098145
42,us,1,0,quality,6,0.18008300910393396,0.0389510515577464,0.1390286684036255,0.14218444377183914,0.1553082875907421,0.16752868890762324,0.1901244223117828,0.24245048686861992,0.257520854473114
42,us,1,0,loss,6,1.576037167724455,0.6911912211701303,0.7974219092657455,0.8402906344227337,1.056028429350977,1.4100668653920547,1.890744051358337,2.6422836235737064,2.8496819689458253
42,us,1,1,logit0,11,-0.1377639597789808,0.518456933733728,-1.060450792312622,-0.9010565280914307,-0.5476505309343338,-0.0380950458347797,0.238079622387886,0.5411981791257858,0.6964876651763916
42,us,1,1,logit1,11,2.1566283919594507,0.8000262540513317,1.0101884603500366,1.2335824966430664,1.5772874355316162,1.9759501218795776,2.704180955886841,3.4481217861175537,3.6968607902526855
42,us,1,1,offset,11,1.009432216090235,0.17865620515351782,0.8169466853141785,0.8277542591094971,0.8910475745797157,0.9723704010248184,1.045361541211605,1.3261022120714188,1.4775992631912231
42,us,1,1,gap,11,2.294392351738431,1.3000027077112366,0.313700795173645,0.775265097618103,1.3163710981607437,2.0140451677143574,3.2518314868211746,4.349178314208984,4.438523054122925
42,us,1,1,abs_gap,11,2.294392351738431,1.3000027077112366,0.313700795173645,0.775265097618103,1.3163710981607437,2.0140451677143574,3.2518314868211746,4.349178314208984,4.438523054122925
42,us,1,1,quality,11,0.2321659285913814,0.06750949879937619,0.1558736264705658,0.16352950036525726,0.18143843114376065,0.2101214230060577,0.2746748924255371,0.34610070288181305,0.3708605170249939
42,us,1,1,loss,11,0.16503083390215775,0.15169668719517093,0.011744140177655016,0.012884984832398638,0.04256800517518311,0.1252641050205634,0.23769872411377113,0.4017124613771438,0.5485476966423339
42,us,2,-1,logit0,17,-0.541227700709201,1.017701584775909,-2.1241238117218018,-1.986116456985474,-1.047607183456421,-0.6459879875183105,-0.0039558815769851,1.3466577053070063,1.8759400844573972
42,us,2,-1,logit1,17,4.379023085622227,1.9006396258836313,-0.3944342732429504,0.9783721327781678,3.2169556617736816,4.690248966217041,5.524723529815674,6.879298973083496,7.268948554992676
42,us,2,-1,offset,17,1.9188976924565129,0.4466207689424458,0.7407529056072234,1.1625149190425872,1.662602923810482,2.035115897655487,2.159655809402466,2.4946441888809203,2.572412371635437
42,us,2,-1,gap,17,4.920250786331428,2.9152040342428807,-2.2703743577003475,-0.3682855725288389,3.2209115433506668,5.263568341732025,6.571913719177246,8.86541543006897,9.393072366714478
42,us,2,-1,abs_gap,17,5.1873536519432335,2.40803746883893,0.10723662376403809,1.8377468109130857,3.2209115433506668,5.263568341732025,6.571913719177246,8.86541543006897,9.393072366714478
42,us,2,-1,quality,17,0.45677316802389484,0.1532534143069678,0.1962539404630661,0.19718852937221523,0.3256098330020904,0.4695412218570709,0.5526121854782104,0.6879444599151611,0.7269032001495361
42,us,2,-1,loss,17,1.2198260742968643,1.9792879752495829,8.329566800924226e-05,0.00014552670096250607,0.00139813947815437,0.015142621109144994,2.3686560378679045,5.454566859464244,6.404120247283204
42,us,2,0,logit0,6,0.28804080684979755,1.011550176826245,-1.047607183456421,-0.9580650180578232,-0.4733545444905758,0.1875066757202148,0.9607818238437176,1.7105393409729002,1.8759400844573972
42,us,2,0,logit1,6,2.8311449189980826,1.9170261108979376,-0.3944342732429504,0.03456772863864904,1.7555504441261292,3.091285228729248,4.172999441623688,5.146718382835388,5.354856967926025
42,us,2,0,offset,6,1.55959286292394,0.45635763112424804,0.7407529056072234,0.8725535348057746,1.3550138119608164,1.6393959522247314,1.852974770590663,2.0943266823887825,2.1536248922348022
42,us,2,0,gap,6,2.543104112148285,2.9263281754208665,-2.2703743577003475,-1.675971612334251,0.8010732643306255,2.903778553009033,4.64004934206605,6.104783400893211,6.402464151382446
42,us,2,0,abs_gap,6,3.2998955647150674,2.035058814251166,0.10723662376403809,0.6480210572481154,2.4234265647828575,2.903778553009033,4.64004934206605,6.104783400893211,6.402464151382446
42,us,2,0,quality,6,0.3351723278562228,0.12461559680775706,0.1962539404630661,0.19654599949717522,0.22586561739444727,0.3144662529230118,0.41901465505361557,0.5149319991469383,0.5356513261795044
42,us,2,0,loss,6,3.4420780717060953,1.8621217340551608,0.7482022658887173,1.1533157088835142,2.510757490400788,2.95715568334362,4.657196264054079,6.107384813589779,6.404120247283204
42,us,2,1,logit0,11,-0.9935559775595638,0.6803108305981855,-2.1241238117218018,-2.0378692150115967,-1.5043582320213318,-0.9826799631118774,-0.469804972410202,-0.11459638713859022,-0.0039558815769851
42,us,2,1,logit1,11,5.223320267417214,1.2484396141740837,3.2169556617736816,3.516663074493408,4.2950804233551025,5.052911758422852,6.139216184616089,7.0254175662994385,7.268948554992676
42,us,2,1,offset,11,2.114882144928825,0.29299541440383337,1.6064998900983483,1.6657699245261028,1.9362266957759857,2.1400725841522217,2.326951324939728,2.523807257413864,2.572412371635437
42,us,2,1,gap,11,6.216876244976778,1.9233989033713104,3.2209115433506668,3.673030158272013,4.72311469912529,6.035591721534729,7.643574416637421,9.063286781311035,9.393072366714478
42,us,2,1,abs_gap,11,6.216876244976778,1.9233989033713104,3.2209115433506668,3.673030158272013,4.72311469912529,6.035591721534729,7.643574416637421,9.063286781311035,9.393072366714478
42,us,2,1,quality,11,0.5231008990244432,0.1239444297273132,0.3256098330020904,0.3543805778026581,0.43056780099868774,0.5055301189422607,0.613985002040863,0.7025539875030518,0.7269032001495361
42,us,2,1,loss,11,0.007688621164556476,0.01135421316576948,8.329566800924226e-05,0.00012219006360503215,0.0006337220501131391,0.002389224192267392,0.010153033341655737,0.02758719133971632,0.03914249287058036
42,us,3,-1,logit0,17,0.534489910611335,0.6660057903510771,-0.5762329697608948,-0.5672879815101624,-0.04428057000041,0.5794946551322937,1.0243322849273682,1.4993107318878174,1.566779375076294
42,us,3,-1,logit1,17,2.436554970110164,1.464265706244218,0.1657788157463073,0.41079131364822385,1.5165538787841797,2.0990242958068848,3.736237049102783,4.804808235168458,4.903965950012207
42,us,3,-1,offset,17,1.4855224403607494,0.4048761695855386,0.8662790954113007,0.9126454174518586,1.1380044519901276,1.4309062659740446,1.8459782395511866,2.115405756235123,2.169457107782364
42,us,3,-1,gap,17,1.902065059498829,2.125929606486313,-1.4010005593299866,-1.0037082076072692,0.6018677949905393,1.519529640674591,3.7805176191031933,5.378804957866669,5.469017684459686
42,us,3,-1,abs_gap,17,2.3251522111103817,1.652602607244052,0.5101479291915891,0.5835238218307492,0.8737166523933411,1.519529640674591,3.7805176191031933,5.378804957866669,5.469017684459686
42,us,3,-1,quality,17,0.28429035141187553,0.10629417898499237,0.171504333615303,0.17160630524158477,0.190115287899971,0.2296903133392334,0.375879168510437,0.48094155192375176,0.4908172786235809
42,us,3,-1,loss,17,0.8699428070304736,1.2373506825025895,0.004206511162601068,0.004607271603827634,0.09014960186073662,0.3488223321154127,0.9804057477264596,3.392094452800084,4.196618502964124
42,us,3,0,logit0,5,0.5841393053531647,0.6075542454428584,-0.1278479397296905,-0.05985436737537379,0.212119922041893,0.2152094393968582,1.2447855472564695,1.3501007556915283,1.376429557800293
42,us,3,0,logit1,5,2.3137947261333465,1.4431791827054614,0.472044438123703,0.5245630741119385,0.7346376180648804,2.9445109367370605,3.364170789718628,3.9157220363616942,4.053609848022461
42,us,3,0,offset,5,1.4489670157432557,0.4202827435525147,0.924236997961998,0.9373319149017334,0.9897115826606749,1.5783154293894768,1.789690114557743,1.9282427862286566,1.9628809541463852
42,us,3,0,gap,5,1.729655420780182,2.0487133257212866,-0.90438511967659,-0.8255376815795898,-0.5101479291915891,2.7323910146951675,3.1489613503217697,3.974958500266075,4.1814577877521515
42,us,3,0,abs_gap,5,2.295468640327454,1.3855532782594375,0.5101479291915891,0.5889953672885893,0.90438511967659,2.7323910146951675,3.1489613503217697,3.974958500266075,4.1814577877521515
42,us,3,0,quality,5,0.27827699184417726,0.09349130423009525,0.171504333615303,0.17152982652187346,0.1716317981481552,0.3007545173168182,0.3406172692775726,0.3936250865459442,0.4068770408630371
42,us,3,0,loss,5,2.4815373217814436,1.2105810622384607,0.9804057477264596,1.0331792877765327,1.2442734479768247,2.7954254699807355,3.190963440259075,3.995487490423114,4.196618502964124
42,us,3,1,logit0,12,0.5138026628022393,0.687841518377564,-0.5762329697608948,-0.5700832903385162,-0.0610579224303364,0.6694748401641846,0.8997253924608231,1.5203946828842163,1.566779375076294
42,us,3,1,logit1,12,2.4877050717671714,1.4699399603650598,0.1657788157463073,0.4605554819107055,1.5987885296344755,2.0513235330581665,3.7753883600234985,4.835795021057129,4.903965950012207
42,us,3,1,offset,12,1.5007538672847052,0.3972894349517883,0.8662790954113007,0.990475082397461,1.2417880147695541,1.385082870721817,1.857165218796581,2.132296803593636,2.169457107782364
42,us,3,1,gap,12,1.973902408964932,2.153216965952741,-1.4010005593299866,-1.0598392009735107,0.7182910889387131,1.3324813246726988,3.836446282453835,5.406996434926987,5.469017684459686
42,us,3,1,abs_gap,12,2.337520365603268,1.75175128456475,0.6018677949905393,0.6872448772192,0.8504642844200134,1.4602651000022888,3.836446282453835,5.406996434926987,5.469017684459686
42,us,3,1,quality,12,0.2867959178984165,0.11109846818734573,0.1786998957395553,0.18269104883074755,0.2021835632622242,0.2288353368639946,0.3796822875738144,0.48402771651744836,0.4908172786235809
42,us,3,1,loss,12,0.19844509255090248,0.15890169591581826,0.004206511162601068,0.004482033965944332,0.021434442969028633,0.20904923043219403,0.3558972088906364,0.40810139420432506,0.43682650811230084
42,us,4,-1,logit0,17,-0.21909388636841493,0.25652865584554874,-0.576312780380249,-0.5371551990509034,-0.4298700988292694,-0.282615065574646,-0.0235372632741928,0.15251380801200842,0.4157711267471313
42,us,4,-1,logit1,17,1.6587337255477905,0.46829763518329937,0.6723520755767822,0.9882402896881104,1.3654755353927612,1.6538093090057373,1.915330529212952,2.2940470695495603,2.7318148612976074
42,us,4,-1,offset,17,0.7198199195896878,0.13044807750659765,0.5199872590601444,0.5392467327415943,0.6278778985142708,0.7237557321786879,0.7988349795341492,0.8780371904373169,1.1022245287895203
42,us,4,-1,gap,17,1.8778276119162054,0.7086271580145089,0.25658094882965093,0.894445925951004,1.4690838903188703,1.9739500880241394,2.307251662015915,2.8605704545974726,3.2591806650161743
42,us,4,-1,abs_gap,17,1.8778276119162054,0.7086271580145089,0.25658094882965093,0.894445925951004,1.4690838903188703,1.9739500880241394,2.307251662015915,2.8605704545974726,3.2591806650161743
42,us,4,-1,quality,17,0.18321136209894623,0.036012045401146046,0.1245415583252906,0.13338323384523387,0.1571459919214248,0.1797888576984405,0.2021750509738922,0.23506391644477834,0.2769515216350555
42,us,4,-1,loss,17,0.7557995240351945,0.9779518921283354,0.0613149240904991,0.0755952372341981,0.10821502094818336,0.20598441735967565,1.3529579857006018,2.7075426218999517,3.296880861099624
42,us,4,0,logit0,5,-0.19210393875837325,0.2569476058288313,-0.5273658037185669,-0.5174109935760498,-0.4775917530059814,-0.0235372632741928,-0.0187243521213531,0.06561471223831176,0.086699478328228
42,us,4,0,logit1,5,1.7881229877471925,0.5479256520776397,1.1406116485595703,1.2015986442565918,1.4455466270446775,1.620464324951172,2.0021774768829346,2.5858873844146726,2.7318148612976074
42,us,4,0,offset,5,0.7980095244944095,0.16455203229207854,0.6136555634438992,0.6331253871321678,0.7110046818852424,0.7622928619384766,0.8008699864149095,1.041953620314598,1.1022245287895203
42,us,4,0,gap,5,1.9802269265055656,0.7900504410263544,1.0539121702313423,1.136946514248848,1.4690838903188703,1.6391886770725252,2.479769229888916,3.1032983779907224,3.2591806650161743
42,us,4,0,abs_gap,5,1.9802269265055656,0.7900504410263544,1.0539121702313423,1.136946514248848,1.4690838903188703,1.6391886770725252,2.479769229888916,3.1032983779907224,3.2591806650161743
42,us,4,0,quality,5,0.1948469847440719,0.04606890799839077,0.1439657509326934,0.14822603166103357,0.1652671545743942,0.1797888576984405,0.208261638879776,0.2632135450839996,0.2769515216350555
42,us,4,0,loss,5,2.140573708535512,0.7005802117025279,1.3529579857006018,1.4176081486507228,1.676208800451207,1.8166128333260931,2.5602080621000343,3.149546301299706,3.296880861099624
42,us,4,1,logit0,12,-0.23033969787259898,0.2555138458750409,-0.576312780380249,-0.5348794668912887,-0.37033060193061823,-0.28921572864055634,-0.08909926004707808,0.17867022678256006,0.4157711267471313
42,us,4,1,logit1,12,1.6048215329647064,0.4191704780491219,0.6723520755767822,0.8895252227783204,1.3438854217529297,1.736182451248169,1.8890464007854462,2.0805388689041133,2.184605121612549
42,us,4,1,offset,12,0.6872409175460538,0.09600012630412096,0.5199872590601444,0.5332281472161412,0.627474183216691,0.6952949985861778,0.7601140961050986,0.8121760539710523,0.8219903558492663
42,us,4,1,gap,12,1.8351612308373053,0.667171891795464,0.25658094882965093,0.7174090195447207,1.4300055801868439,2.068425089120865,2.2168231755495076,2.615418335795402,2.760917901992798
42,us,4,1,abs_gap,12,1.8351612308373053,0.667171891795464,0.25658094882965093,0.7174090195447207,1.4300055801868439,2.068425089120865,2.2168231755495076,2.615418335795402,2.760917901992798
42,us,4,1,quality,12,0.17836318599681056,0.029546613323743576,0.1245415583252906,0.1306202102452516,0.15589243918657297,0.18553245812654495,0.19972863048315043,0.21516716182231896,0.2245920151472091
42,us,4,1,loss,12,0.17881028049339562,0.13588243539975273,0.0613149240904991,0.07113263937679216,0.1035366782035737,0.11945778346311631,0.2150389551219971,0.41667687966756495,0.573063454268312
43,emg,-1,-1,logit0,85,0.38219175323405685,0.44910182556786554,-0.7095999121665955,-0.2476018279790878,0.1040479466319084,0.2976322174072265,0.6895217299461365,1.1672076702117917,1.4223915338516235
43,emg,-1,-1,logit1,85,1.1634926094947493,0.9293263163786425,-0.8352043032646179,-0.01027368567883965,0.5488036274909973,0.9110690355300904,1.7385557889938354,2.771681451797485,3.8313374519348153
43,emg,-1,-1,offset,85,0.7728421813644031,0.5769120471489244,-0.33333113975822926,0.007209026813507068,0.3808591961860657,0.5487991273403168,1.245073676109314,1.6612837851047515,2.3328722417354584
43,emg,-1,-1,gap,85,0.7813008562606923,0.8940747527485169,-1.2694335877895355,-0.48714505694806576,0.3195389062166213,0.6942211957648396,1.1018437072634697,2.651675164699553,3.9649537056684494
43,emg,-1,-1,abs_gap,85,0.9123979250297827,0.7598228200688365,0.006206333637237493,0.10246240794658659,0.422531796619296,0.715770423412323,1.227680504322052,2.651675164699553,3.9649537056684494
43,emg,-1,-1,quality,85,0.16141930108561237,0.07427113046836883,0.0428995303809642,0.07143851220607757,0.1131854280829429,0.1299485713243484,0.2047256082296371,0.28749285936355584,0.3877091109752655
43,emg,-1,-1,loss,85,0.7175157358615653,0.5746154642717326,0.018791248127913107,0.1747252662665776,0.3622193218998282,0.5049444974203692,0.9532898592380665,1.7597037322673306,2.8656402804872965
43,emg,-1,0,logit0,29,0.40633436610344154,0.4516186935681686,-0.6208177208900452,-0.21059539318084716,0.1040479466319084,0.4003127217292785,0.7084064483642578,1.1711370944976802,1.3131848573684692
43,emg,-1,0,logit1,29,1.0988664190959314,0.9855305583278764,-0.8352043032646179,-0.05767009481787675,0.3839623630046844,0.9110690355300904,1.7385557889938354,2.739777374267578,3.7075161933898926
43,emg,-1,0,offset,29,0.7526003925996865,0.5792154145282427,-0.20048750936985016,0.13271319270133974,0.36076459428295493,0.5034294873476028,1.1448346674442291,1.6488914072513579,2.3328722417354584
43,emg,-1,0,gap,29,0.6925320529924899,1.00423994435994,-1.2694335877895355,-0.8341913167387246,-0.1016997694969177,0.6942211957648396,1.2545416951179504,2.5540624260902396,2.807007849216461
43,emg,-1,0,abs_gap,29,0.9741700893781823,0.7342282664341874,0.006206333637237493,0.1032250463962555,0.46639104187488556,0.8353915214538573,1.2694335877895355,2.5540624260902396,2.807007849216461
43,emg,-1,0,quality,29,0.16070465666466743,0.07219288095840695,0.068186305463314,0.0842060357332229,0.1109763756394386,0.1281580626964569,0.1989475339651107,0.2847130060195922,0.3769526779651642
43,emg,-1,0,loss,29,1.3415311815880855,0.5703293153777221,0.6962551621929887,0.746091474158035,0.9532898592380665,1.1956532755517815,1.5170673767163272,2.630925362013203,2.8656402804872965
43,emg,-1,1,logit0,56,0.3696893287124112,0.44728102859505037,-0.7095999121665955,-0.24701803550124163,0.11127773672342293,0.27653880417346954,0.6823361814022064,1.1654140055179596,1.4223915338516235
43,emg,-1,1,logit1,56,1.1969597438084227,0.897012329681403,-0.0919184610247612,0.0380606497637927,0.6818563342094421,0.8921383619308472,1.724179595708847,2.7060279846191406,3.8313374519348153
43,emg,-1,1,offset,56,0.783324536260417,0.5754358368233576,-0.33333113975822926,-0.043730418197810664,0.4324137244839221,0.5775498002767563,1.3061805814504623,1.6617399025708437,2.300575822591782
43,emg,-1,1,gap,56,0.8272704150960115,0.8275731188726573,-1.0653420984745026,0.013780061155557612,0.37675443361513306,0.6788687258958817,1.075910909101367,2.300299309194088,3.9649537056684494
43,emg,-1,1,abs_gap,56,0.8804087684922186,0.7708008868286021,0.01101619005203247,0.10710829496383667,0.42182532930746675,0.7044997587800026,1.075910909101367,2.300299309194088,3.9649537056684494
43,emg,-1,1,quality,56,0.16178938480360167,0.07532216987305367,0.0428995303809642,0.0659574121236801,0.11905228905379767,0.1326942592859268,0.20582066476345057,0.2823428139090538,0.3877091109752655
43,emg,-1,1,loss,56,0.39436488003890274,0.1632380621651868,0.018791248127913107,0.10255633684102894,0.2934271076515735,0.40170252145508833,0.5043137198145318,0.6411068123590977,0.6876542550126323
43,emg,0,-1,logit0,17,0.23617909235112808,0.3874763042346521,-0.7095999121665955,-0.3720868706703186,-0.0892332717776298,0.3921648561954498,0.484014093875885,0.6939206004142761,0.7498390078544617
43,emg,0,-1,logit1,17,1.2812529932707548,1.265889103095098,-0.8352043032646179,-0.2339612364768981,0.5449857711791992,0.9110690355300904,2.2219417095184326,3.5635268688201904,3.785860776901245
43,emg,0,-1,offset,17,0.7587160428109414,0.6667535344095494,-0.33333113975822926,-0.22705623544752598,0.1838357085362077,0.7292162179946899,1.4154438525438309,1.803619109839201,1.8045598529279232
43,emg,0,-1,gap,17,1.0450739009196268,1.3141480558772698,-1.2694335877895355,-0.6565254151821136,0.12177205085754395,1.0608495324850082,1.5420007109642029,3.518404403328895,3.9649537056684494
43,emg,0,-1,abs_gap,17,1.3033402252065784,1.0585220019006876,0.06311702728271484,0.11004104614257813,0.5032983720302582,1.1018437072634697,1.5420007109642029,3.518404403328895,3.9649537056684494
43,emg,0,-1,quality,17,0.1726691663703497,0.0968610925536119,0.0428995303809642,0.06312895044684404,0.0906064137816429,0.1424215883016586,0.2415823191404342,0.35933736562728874,0.3804652094841003
43,emg,0,-1,loss,17,0.689796508351832,0.629324904832364,0.018791248127913107,0.02984676048500745,0.24844392121424308,0.5040338608437798,0.9761313646164287,1.6857270941380043,2.360365963824716
43,emg,0,0,logit0,5,0.3460944205522537,0.25163955749113626,-0.1497804969549179,-0.035894817113876334,0.4196479022502899,0.4342292845249176,0.484014093875885,0.5306918740272522,0.542361319065094
43,emg,0,0,logit1,5,0.9068711161613464,1.2888135910089695,-0.8352043032646179,-0.684893536567688,-0.0836504697799682,0.9110690355300904,1.7385557889938354,2.590579581260681,2.8035855293273926
43,emg,0,0,offset,5,0.6264827683568001,0.6759733535722029,-0.20048750936985016,-0.12679026424884796,0.16799871623516086,0.38064426928758627,1.1112849414348602,1.5606357276439666,1.6729734241962433
43,emg,0,0,gap,5,0.5607766956090927,1.2731716221974705,-1.2694335877895355,-1.11620654463768,-0.5032983720302582,1.0608495324850082,1.2545416951179504,2.059887707233429,2.2612242102622986
43,emg,0,0,abs_gap,5,1.2698694795370102,0.5682147365632066,0.5032983720302582,0.6148086041212082,1.0608495324850082,1.2545416951179504,1.2694335877895355,2.062866085767746,2.2612242102622986
43,emg,0,0,quality,5,0.1534974575042724,0.08154280249233277,0.068186305463314,0.07239866405725474,0.0892480984330177,0.1208326369524002,0.1989475339651107,0.2720076769590377,0.2902727127075195
43,emg,0,0,loss,5,1.5434265305113342,0.45292238052846207,0.9761313646164287,1.0525264563436385,1.358106823252478,1.5054611241467204,1.5170673767163272,2.191706246403038,2.360365963824716
43,emg,0,1,logit0,12,0.19038103893399239,0.42329612331241134,-0.7095999121665955,-0.4775596961379051,-0.1116981860250234,0.2818271070718765,0.4634087532758713,0.711395102739334,0.7498390078544617
43,emg,0,1,logit1,12,1.4372454420663416,1.2228403998591277,-0.0274301897734403,0.011272112559527162,0.6117476522922516,0.9127832353115082,2.2761369943618774,3.63300621509552,3.785860776901245
43,emg,0,1,offset,12,0.813813240500167,0.6550425052129953,-0.33333113975822926,-0.07924779364839193,0.39222536352463067,0.7553068697452545,1.424318227916956,1.8039130920544266,1.8045598529279232
43,emg,0,1,gap,12,1.2468644031323493,1.2777768852718485,-0.422531796619296,-0.15542494347319002,0.24562910944223404,0.9672690443694592,1.6681400313973427,3.6579510603100056,3.9649537056684494
43,emg,0,1,abs_gap,12,1.3172863692355652,1.2050482271510126,0.06311702728271484,0.09537729024887084,0.3886275463737547,0.9672690443694592,1.6681400313973427,3.6579510603100056,3.9649537056684494
43,emg,0,1,quality,12,0.18065737839788196,0.10150761777203453,0.0428995303809642,0.06875724364072076,0.1121975816786289,0.14496292173862454,0.24519207701086992,0.36593981683254234,0.3804652094841003
43,emg,0,1,loss,12,0.3341173324520397,0.21323707614519471,0.018791248127913107,0.02639191287341547,0.17578390003231237,0.3239768098980307,0.5180115688693379,0.6467014101764464,0.6620865541741554
43,emg,1,-1,logit0,17,0.17143008929184253,0.09744088169283426,-0.0671408772468566,-0.02382260784506796,0.1146448776125907,0.2045487016439438,0.24313984811306,0.2679235219955444,0.2976322174072265
43,emg,1,-1,logit1,17,0.8231267946607926,0.24078886514577827,0.3111732900142669,0.6135482490062714,0.7051301598548889,0.7682506442070007,0.8472170829772949,1.2156817436218257,1.5395607948303225
43,emg,1,-1,offset,17,0.4972784419763176,0.13627807595124575,0.14909012475982306,0.3102619317360223,0.45967032015323633,0.4983940050005913,0.5487991273403168,0.6657678082585332,0.8513191863894464
43,emg,1,-1,gap,17,0.6516967053689501,0.24629484376787797,0.3241663305088877,0.43442551549524067,0.484561949968338,0.5968359112739563,0.7255094125866891,1.099827870726585,1.3764832168817522
43,emg,1,-1,abs_gap,17,0.6516967053689501,0.24629484376787797,0.3241663305088877,0.43442551549524067,0.484561949968338,0.5968359112739563,0.7255094125866891,1.099827870726585,1.3764832168817522
43,emg,1,-1,quality,17,0.12491214888937328,0.0174500015912832,0.0855315700173378,0.10738730579614636,0.1180908232927322,0.1225799098610878,0.1285827457904815,0.1504789978265762,0.1764674335718155
43,emg,1,-1,loss,17,0.5917777735980797,0.3061923585342705,0.22511349595884655,0.3449283410722396,0.41617315934490495,0.47454128418227537,0.5441423776865797,1.2236767985027568,1.3357708903066587
43,emg,1,0,logit0,4,0.13003859110176566,0.12764214000886587,-0.0671408772468566,-0.041462553665041854,0.061250740662217154,0.16339944675564766,0.23218729719519615,0.2548345379531383,0.2604963481426239
43,emg,1,0,logit1,4,0.8346168100833893,0.17565114860414155,0.6891419887542725,0.6977250844240188,0.7320574671030045,0.7573066353797913,0.8598659783601761,1.0797427803277966,1.134711980819702
43,emg,1,0,offset,4,0.48232770059257746,0.0965513503358809,0.3505548834800721,0.36636362113058574,0.42959857173264027,0.47968797758221626,0.5324171064421535,0.6019873922690748,0.6193799637258052
43,emg,1,0,gap,4,0.7045782189816235,0.23875307499017942,0.46639104187488556,0.4693123273551464,0.4809974692761898,0.6606288999319077,0.8842096496373414,1.001373157277703,1.0306640341877935
43,emg,1,0,abs_gap,4,0.7045782189816235,0.23875307499017942,0.46639104187488556,0.4693123273551464,0.4809974692761898,0.6606288999319077,0.8842096496373414,1.001373157277703,1.0306640341877935
43,emg,1,0,quality,4,0.12425428256392478,0.01189786113784882,0.1128512397408485,0.11356416754424568,0.11641587875783442,0.1200920008122921,0.12793040461838245,0.1407715920358896,0.1439818888902664
43,emg,1,0,loss,4,1.1125042104318985,0.16107392505894885,0.9532898592380665,0.9550918028470197,0.9622995772828322,1.0804780460914345,1.2306826792405008,1.3147532480934272,1.3357708903066587
43,emg,1,1,logit0,13,0.18416593488878924,0.08193741570085858,-0.0129930404946208,0.04123826362192629,0.1502057760953903,0.2045487016439438,0.24313984811306,0.27304750084877005,0.2976322174072265
43,emg,1,1,logit1,13,0.8195914052999936,0.25743465881576716,0.3111732900142669,0.5431540608406067,0.7051301598548889,0.8401542901992798,0.8472170829772949,1.203534758090972,1.5395607948303225
43,emg,1,1,offset,13,0.5018786700943915,0.14604037344371312,0.14909012475982306,0.2940493719652295,0.47413500398397446,0.4983940050005913,0.5487991273403168,0.691881927847862,0.8513191863894464
43,emg,1,1,gap,13,0.6354254704112043,0.24629560410274226,0.3241663305088877,0.40686071924865247,0.484561949968338,0.5968359112739563,0.6963764578104019,1.0233056604862205,1.3764832168817522
43,emg,1,1,abs_gap,13,0.6354254704112043,0.24629560410274226,0.3241663305088877,0.40686071924865247,0.484561949968338,0.5968359112739563,0.6963764578104019,1.0233056604862205,1.3764832168817522
43,emg,1,1,quality,13,0.12511456929720363,0.018827237288235883,0.0855315700173378,0.10214047878980634,0.1193727776408195,0.1234947964549064,0.1285827457904815,0.15185094177722924,0.1764674335718155
43,emg,1,1,loss,13,0.4315542545722894,0.07425533556482529,0.22511349595884655,0.31497462979389135,0.4043898406343236,0.43861027095585925,0.47993351559650543,0.5108154299814385,0.5441423776865797
43,emg,2,-1,logit0,17,0.23177626011345318,0.424502847036186,-0.6208177208900452,-0.32507447004318235,0.0242138300091028,0.1629113405942917,0.3281605243682861,1.0209878921508786,1.2509369850158691
43,emg,2,-1,logit1,17,0.6206931201193262,0.5364514552367123,-0.0186995323747396,0.0732428003102541,0.177612692117691,0.538240373134613,0.9183670282363892,1.509218788146972,2.186190128326416
43,emg,2,-1,offset,17,0.4262346901163897,0.22247128756354848,0.17026201635599136,0.17895776182413098,0.32407569885253906,0.4023174159228802,0.4724005432799458,0.845586037635803,1.0971853733062744
43,emg,2,-1,gap,17,0.3889168600058731,0.8590644718378799,-0.9822001513093709,-0.6861824821680784,-0.1016997694969177,0.21007984876632696,0.8116794433444738,1.834293258190154,2.807007849216461
43,emg,2,-1,abs_gap,17,0.6370455859886373,0.6952848424518667,0.006206333637237493,0.010054218769073475,0.1055129617452622,0.4407738298177719,0.8755041658878326,1.834293258190154,2.807007849216461
43,emg,2,-1,quality,17,0.12151421431232899,0.03467342419935185,0.0863436236977577,0.08732231408357617,0.1017238050699234,0.1131854280829429,0.1281580626964569,0.18906494677066796,0.2244822531938552
43,emg,2,-1,loss,17,0.9202915562913812,0.6021146643082173,0.306664259610814,0.3399698713153402,0.5936138341489223,0.7452893639233893,1.0453677396890446,1.9943388252596352,2.8656402804872965
43,emg,2,0,logit0,10,0.3017824384383857,0.5288297023349554,-0.6208177208900452,-0.45446214228868487,0.037247946718707674,0.23374844342470164,0.6257438436150551,1.1215906202793118,1.2509369850158691
43,emg,2,0,logit1,10,0.644805403240025,0.655780417387104,-0.0186995323747396,0.03301802976056935,0.12925864756107325,0.4663829952478409,0.8845441192388533,1.8053937494754781,2.186190128326416
43,emg,2,0,offset,10,0.4732939208392054,0.26589982302820164,0.1811316981911659,0.1818639043718576,0.33650368300732225,0.3915883060544729,0.5264141217339784,0.9556607469916341,1.0971853733062744
43,emg,2,0,gap,10,0.3430229648016393,1.0661176090162137,-0.9822001513093709,-0.8156902124173939,-0.25700565800070774,-0.0477467179298401,0.6308593542780727,2.259855891764163,2.807007849216461
43,emg,2,0,abs_gap,10,0.7648417989723384,0.818100564222096,0.006206333637237493,0.04917837977409359,0.15601052716374403,0.5264759473502636,0.910205412423238,2.259855891764163,2.807007849216461
43,emg,2,0,quality,10,0.12980997264385222,0.041599809264778125,0.0875669866800308,0.08763576857745645,0.10527440719306465,0.11272893100976941,0.14644262567162514,0.20456001833081236,0.2244822531938552
43,emg,2,0,loss,10,1.2072266766013764,0.6325435151002268,0.6962551621929887,0.718320552971669,0.7751390530668546,0.9914964751673078,1.250042247302988,2.3755332119217365,2.8656402804872965
43,emg,2,1,logit0,7,0.13176743393497808,0.1453153189557572,-0.106387197971344,-0.06720688957720995,0.042323504574596854,0.1344727575778961,0.24073947221040726,0.3252826482057571,0.3281605243682861
43,emg,2,1,logit1,7,0.5862470013754708,0.2872687788471642,0.177612692117691,0.2232040226459503,0.3488391488790512,0.538240373134613,0.8771301507949829,0.9306662499904632,0.9359373450279236
43,emg,2,1,offset,7,0.3590072176552245,0.10729096103052402,0.17026201635599136,0.19456850066781045,0.28767966479063034,0.4059899151325226,0.43162700021639466,0.47868981808423994,0.49818526208400726
43,emg,2,1,gap,7,0.4544795674404928,0.40154001689955515,0.01101619005203247,0.012121738493442526,0.11239060014486314,0.23362174630165103,0.8435918046161532,0.9799792081117629,1.0247542262077332
43,emg,2,1,abs_gap,7,0.4544795674404928,0.40154001689955515,0.01101619005203247,0.012121738493442526,0.11239060014486314,0.23362174630165103,0.8435918046161532,0.9799792081117629,1.0247542262077332
43,emg,2,1,quality,7,0.10966313098158152,0.014448990437513834,0.0863436236977577,0.0889776714146137,0.0984237939119339,0.1131854280829429,0.1214209496974945,0.12664730623364445,0.1284233778715133
43,emg,2,1,loss,7,0.5103842415628168,0.15241696018884324,0.306664259610814,0.31915386400001133,0.35789529136241516,0.5831432386704846,0.6397186774604782,0.6871050347404528,0.6876542550126323
43,emg,3,-1,logit0,17,0.3069207843612222,0.3962975431942833,-0.3968035876750946,-0.2661243259906768,-0.0774517357349395,0.3737918734550476,0.6516242623329163,0.8074970126152037,0.9582282900810242
43,emg,3,-1,logit1,17,1.318927859668346,1.1305526822538354,-0.0919184610247612,0.00036006867885584465,0.2958307564258575,1.145613670349121,1.709229826927185,3.732280445098877,3.8313374519348153
43,emg,3,-1,offset,17,0.8129243220147842,0.7487815706755417,-0.18668694328516725,-0.16748657729476688,0.10918951034545898,0.7877284586429596,1.1761867105960846,2.3070351064205172,2.3328722417354584
43,emg,3,-1,gap,17,1.0120070753071237,0.792279532648047,0.1415360495448112,0.2839383348822593,0.4202332887798547,0.715770423412323,1.227680504322052,2.811734974384308,3.0615232586860666
43,emg,3,-1,abs_gap,17,1.0120070753071237,0.792279532648047,0.1415360495448112,0.2839383348822593,0.4202332887798547,0.715770423412323,1.227680504322052,2.811734974384308,3.0615232586860666
43,emg,3,-1,quality,17,0.16792804813560314,0.09735004536328938,0.0528374128043651,0.0532044969499111,0.0819654017686843,0.1543594449758529,0.1957554072141647,0.3791039645671844,0.3877091109752655
43,emg,3,-1,loss,17,0.6885165606952971,0.6353896408889409,0.04575348908805976,0.14563645068266304,0.295611078128996,0.5049444974203692,0.8971057107100183,1.6049008804803182,2.811298294138863
43,emg,3,0,logit0,5,0.46078088879585266,0.40230307188280084,-0.0774517357349395,-0.05062773227691647,0.0566682815551757,0.6131709218025208,0.7532886862754822,0.9172403693199157,0.9582282900810242
43,emg,3,0,logit1,5,1.5765384256839752,1.181928228183687,0.2958307564258575,0.37281239032745356,0.6807389259338379,1.599084734916687,1.599521517753601,3.285917258262634,3.7075161933898926
43,emg,3,0,offset,5,1.018659657239914,0.7757882755756029,0.10918951034545898,0.16109232902526854,0.3687036037445068,1.106346219778061,1.1761867105960846,2.1015351355075835,2.3328722417354584
43,emg,3,0,gap,5,1.1157575368881225,0.8427421921117185,0.373282492160797,0.42344012260437003,0.6240706443786622,0.8457960486412048,0.9863505959510803,2.3967004418373103,2.7492879033088684
43,emg,3,0,abs_gap,5,1.1157575368881225,0.8427421921117185,0.373282492160797,0.42344012260437003,0.6240706443786622,0.8457960486412048,0.9863505959510803,2.3967004418373103,2.7492879033088684
43,emg,3,0,quality,5,0.19143255203962323,0.10285092134889029,0.0819654017686843,0.08776759654283517,0.1109763756394386,0.1916472464799881,0.195621058344841,0.34068635404109954,0.3769526779651642
43,emg,3,0,loss,5,1.453544548187454,0.6926562851461009,0.8971057107100183,0.9283036557781176,1.0530954360505145,1.2029217729721913,1.3033015270656834,2.5096989407242267,2.811298294138863
43,emg,3,1,logit0,12,0.24281240751345953,0.3756059051620792,-0.3968035876750946,-0.30696159526705735,-0.1495493501424789,0.33510589599609375,0.49511139839887613,0.725653338432312,0.7698141932487488
43,emg,3,1,logit1,12,1.2115901238285005,1.0906303555378922,-0.0919184610247612,-0.028476971853524477,0.22604822739958755,1.0773283243179321,1.761222928762436,3.0075266718864433,3.8313374519348153
43,emg,3,1,offset,12,0.72720126567098,0.7200926790956458,-0.18668694328516725,-0.173486691666767,0.03824943862855434,0.7202299535274506,1.1329043470323086,1.8561682015657421,2.300575822591782
43,emg,3,1,gap,12,0.968777716315041,0.7661428527879696,0.1415360495448112,0.23943762071430674,0.4137459169141947,0.7141967415809631,1.2373327240347862,2.3027169406414028,3.0615232586860666
43,emg,3,1,abs_gap,12,0.968777716315041,0.7661428527879696,0.1415360495448112,0.23943762071430674,0.4137459169141947,0.7141967415809631,1.2373327240347862,2.3027169406414028,3.0615232586860666
43,emg,3,1,quality,12,0.15813450484226146,0.09323120996331079,0.0528374128043651,0.05308978315442798,0.07490548864006995,0.1475826352834701,0.20117018744349474,0.3121949717402457,0.3877091109752655
43,emg,3,1,loss,12,0.36975489924023147,0.1629747452255525,0.04575348908805976,0.1144230251843495,0.2547882807785113,0.3984979767921326,0.5075366631131002,0.5815443200458482,0.6248811251397914
43,emg,4,-1,logit0,17,0.9646525400526383,0.2797926792412177,0.4003127217292785,0.40193265676498413,0.8367802500724792,1.025866985321045,1.1645987033843994,1.3350261926651,1.4223915338516235
43,emg,4,-1,logit1,17,1.7734622797545265,0.52084756338609,0.3570494353771209,0.9604174554347993,1.5869547128677368,1.8327893018722532,1.998320460319519,2.443363809585571,2.6440651416778564
43,emg,4,-1,offset,17,1.3690574099035824,0.1936166179214452,0.8897204846143723,1.07199487388134,1.245073676109314,1.4101051092147827,1.4986765384674072,1.613119751214981,1.6145252287387848
43,emg,4,-1,gap,17,0.8088097397018882,0.7410686043431177,-1.0653420984745026,-0.37460873723030086,0.4223560094833374,0.828934907913208,1.4304516613483427,1.6583799004554745,2.0625935196876526
43,emg,4,-1,abs_gap,17,0.9579000332776237,0.534587128189989,0.1458120346069336,0.1907027244567871,0.5732606649398804,0.9464124441146848,1.4304516613483427,1.6583799004554745,2.0625935196876526
43,emg,4,-1,quality,17,0.22007292772040643,0.026092016685712517,0.1718495488166809,0.18720650672912592,0.2046172618865966,0.2166240066289901,0.2297131866216659,0.26202558279037474,0.2763734459877014
43,emg,4,-1,loss,17,0.6971962803712356,0.5795677194249468,0.19119756700763268,0.20296372201743793,0.2988112586397129,0.4470448652324839,0.7991979768276396,1.7904243797654094,2.1822626367239693
43,emg,4,0,logit0,5,0.8422682642936706,0.32538207410334696,0.4003127217292785,0.4365445017814636,0.5814716219902039,0.8649348616600037,1.051437258720398,1.260835337638855,1.3131848573684692
43,emg,4,0,logit1,5,1.9327114343643188,0.5119180227875733,1.1112594604492188,1.2427621603012085,1.7687729597091677,1.88935661315918,2.250102996826172,2.5652727127075194,2.6440651416778564
43,emg,4,0,offset,5,1.3874898493289947,0.18426722758238892,1.1448346674442291,1.158312165737152,1.212222158908844,1.4101051092147827,1.5575189292430878,1.6017184913158418,1.6127683818340302
43,emg,4,0,gap,5,1.0904431700706483,0.7746285998860803,-0.2019253969192505,-0.018073177337646434,0.7173357009887698,1.3851681351661682,1.4890438914299013,1.9478835940361023,2.0625935196876526
43,emg,4,0,abs_gap,5,1.1712133288383484,0.6460457516821765,0.2019253969192505,0.30500745773315435,0.7173357009887698,1.3851681351661682,1.4890438914299013,1.9478835940361023,2.0625935196876526
43,emg,4,0,quality,5,0.22813362777233115,0.030198568086062978,0.1910457462072372,0.19469214677810662,0.2092777490615844,0.2166240066289901,0.2473471909761428,0.2705681949853897,0.2763734459877014
43,emg,4,0,loss,5,1.4794530529638363,0.47993640613639,0.7991979768276396,0.8623189419775182,1.114802802577033,1.6085370331647706,1.6924648155257698,2.0843030724843294,2.1822626367239693
43,emg,4,1,logit0,12,1.0156459882855415,0.24072218261103492,0.4023376405239105,0.640776027739048,0.9168204516172408,1.055038034915924,1.1654140055179596,1.2847684025764463,1.4223915338516235
43,emg,4,1,logit1,12,1.7071084653337796,0.5100540340736219,0.3570494353771209,0.885561077296734,1.5502885580062866,1.8009091019630432,1.9733511507511137,2.3487552642822265,2.3931884765625
43,emg,4,1,offset,12,1.3613772268096607,0.19687285618560402,0.8897204846143723,1.0150341272354126,1.2893246710300446,1.4085360765457153,1.493535503745079,1.5925611466169356,1.6145252287387848
43,emg,4,1,gap,12,0.6914624770482382,0.6936633821536795,-1.0653420984745026,-0.3992073252797126,0.3848745524883271,0.7422009110450745,1.148727871477604,1.5123882353305815,1.5573264956474304
43,emg,4,1,abs_gap,12,0.8690194934606552,0.45176804323895364,0.1458120346069336,0.21545201539993297,0.5355345010757446,0.8876736760139464,1.1566194891929626,1.5123882353305815,1.5573264956474304
43,emg,4,1,quality,12,0.21671430269877112,0.023369282450576095,0.1718495488166809,0.18408048227429388,0.2036247216165065,0.213913545012474,0.2294022627174854,0.254804228246212,0.2584386169910431
43,emg,4,1,loss,12,0.37125595845765186,0.13665968113964697,0.19119756700763268,0.19928679857687379,0.27569465097654855,0.345088769252918,0.4613095140775094,0.5917028545973272,0.6228964559110759
43,table,-1,-1,logit0,85,-0.4503420673749026,2.5522733378438365,-3.9680566787719727,-3.2993657112121584,-2.575859785079956,-1.0938020944595337,1.2063202857971191,4.234254932403564,5.027425289154053
43,table,-1,-1,logit1,85,1.98071390004719,2.524305294450408,-3.2380576133728027,-2.6371957778930666,-0.0753220245242118,2.056969404220581,4.081069469451904,5.3386077880859375,6.454402446746826
43,table,-1,-1,offset,85,0.7651859163361437,0.36153036955508566,0.28908610343933105,0.3191325724124909,0.43985486030578613,0.7107962965965271,1.075132131576538,1.4335555553436279,1.5214017629623413
43,table,-1,-1,gap,85,2.431055967422093,5.0248995998801025,-7.9950175285339355,-7.0594123840332035,-1.063508003950119,3.1787867546081543,6.750382423400879,8.5444806098938,10.271955490112305
43,table,-1,-1,abs_gap,85,4.882272884600303,2.706115405135269,0.03903883695602428,0.6080900609493256,2.7494338154792786,5.161963582038879,7.1570305824279785,8.5444806098938,10.271955490112305
43,table,-1,-1,quality,85,0.32913126042660545,0.1385938048582629,0.1088861748576164,0.12751111388206476,0.2016112059354782,0.351099282503128,0.427537053823471,0.5338813066482544,0.6454436779022217
43,table,-1,-1,loss,85,0.6748906120645505,1.4871403770378064,3.4589071281843076e-05,0.00019460286850545572,0.0008078178858044183,0.006764741630669757,0.4067673033245034,4.09684825661685,7.6411676099740475
43,table,-1,0,logit0,19,1.4116591826865548,1.8360424645093583,-2.476299285888672,-1.0446982264518738,0.3804294764995575,1.0027035474777222,3.3340020179748535,3.8071545124053934,4.85390567779541
43,table,-1,0,logit1,19,0.3364824499738844,1.447476637178032,-2.786781549453736,-1.2318417906761172,-0.5821578502655029,0.096726581454277,1.2141889333724976,2.2593794107437093,4.081069469451904
43,table,-1,0,offset,19,0.8740708163302195,0.3961917832805394,0.3684193044900894,0.425522381067276,0.5558605305850506,0.708391398191452,1.261980563402176,1.455321016907692,1.4958398342132568
43,table,-1,0,gap,19,-1.0751767327126704,3.2100793411938575,-7.6406872272491455,-4.796122545003891,-4.024008631706238,-0.8816646486520767,0.9465196430683137,3.3040776371955793,6.557368755340576
43,table,-1,0,abs_gap,19,2.63902812372697,2.1204115038134437,0.03903883695602428,0.2209872096776963,0.9465196430683137,1.9773256182670593,4.076904773712158,6.665700602531431,7.6406872272491455
43,table,-1,0,quality,19,0.23963379114866257,0.11290530376000028,0.1132269129157066,0.11902997270226472,0.14551831781864166,0.2108354568481445,0.3464802950620651,0.41596779525279975,0.4854386448860168
43,table,-1,0,loss,19,2.841781081477066,1.9491224506228064,0.7128570907908075,0.8101891920484304,1.274735946189779,2.1069836277046536,4.09372266993242,6.667025389313774,7.6411676099740475
43,table,-1,1,logit0,66,-0.9863727302713827,2.476589830887301,-3.9680566787719727,-3.4072150588035583,-2.9925565123558044,-1.9975895881652832,0.443411149084568,4.227078914642334,5.027425289154053
43,table,-1,1,logit1,66,2.454053256886475,2.56924592794609,-3.2380576133728027,-2.6185261607170105,0.8671470731496811,3.501299738883972,4.295507907867432,5.395325183868408,6.454402446746826
43,table,-1,1,offset,66,0.7338402633075461,0.34459805814418615,0.28908610343933105,0.30989688634872437,0.41698982566595094,0.7252093255519867,1.032175213098526,1.2972379624843595,1.5214017629623413
43,table,-1,1,gap,66,3.440425987157858,4.9994052016951915,-7.9950175285339355,-7.044072985649109,-0.048427924513816806,5.505279541015625,7.160650849342346,8.683761179447174,10.271955490112305
43,table,-1,1,abs_gap,66,5.528055467275959,2.50423363418201,0.29431912302970886,0.8338695410639048,3.4651061296463013,6.377732336521149,7.299447536468506,8.683761179447174,10.271955490112305
43,table,-1,1,quality,66,0.3548956834005587,0.13453054080726878,0.1088861748576164,0.1283942498266696,0.24018966406583786,0.3794619292020798,0.4522677510976791,0.5395519882440567,0.6454436779022217
43,table,-1,1,loss,66,0.05108881026397761,0.11722803069465611,3.4589071281843076e-05,0.00016983309514229106,0.0006764518804587283,0.001698588544716273,0.031112806789175385,0.3607227812673923,0.5567767299051747
43,table,0,-1,logit0,17,-0.9900863363462336,2.4657329550130145,-3.9680566787719727,-3.547927474975586,-3.0016307830810547,-1.0938020944595337,-0.2370541393756866,3.551455116271972,4.775129318237305
43,table,0,-1,logit1,17,2.07968354006024,1.9816213121607742,-2.03885269165039,-1.2550271034240723,1.0450721979141235,2.056969404220581,3.788213014602661,4.380593395233154,4.875850200653076
43,table,0,-1,offset,17,0.544798601857003,0.2864708116938825,0.28908610343933105,0.303876256942749,0.37206244468688965,0.45215392112731934,0.5856689810752869,1.14821400642395,1.3681383132934573
43,table,0,-1,gap,17,3.069769876406473,4.436785092460958,-6.813982009887695,-4.806482219696045,1.2821263372898102,2.9426008462905884,6.750382423400879,7.9285208702087395,8.843906879425049
43,table,0,-1,abs_gap,17,4.81135911845109,2.441182599494343,1.1291861310601234,1.2515382960438728,2.5557331442832947,4.992646932601929,6.8131043910980225,7.9285208702087395,8.843906879425049
43,table,0,-1,quality,17,0.3006350108805825,0.11731503376422711,0.1289935559034347,0.14471440017223358,0.1767825037240982,0.3258952498435974,0.3828514814376831,0.4796180605888366,0.4875994324684143
43,table,0,-1,loss,17,0.6649142864844295,1.2507597864788014,0.00014424764130982481,0.0003911472081904677,0.0010986712575440372,0.006764741630669757,0.24486334161915901,3.258793515161062,4.318023065360938
43,table,0,0,logit0,4,0.7581452280282975,1.6400227883629401,-0.8856314420700073,-0.8328334003686905,-0.6216412335634232,0.3363378942012787,1.7161243557929993,2.9396541237831113,3.24553656578064
43,table,0,0,logit1,4,0.6296784933656454,1.2100556523923867,-1.059070706367493,-0.8886399772018196,-0.20691706053912645,0.7604076378047466,1.5970031917095184,1.9649761617183683,2.056969404220581
43,table,0,0,offset,4,0.6939118606969714,0.2402952358944697,0.4550183117389679,0.47461591213941573,0.5530063137412071,0.6136981006711721,0.7546036476269364,1.025507073290646,1.0932329297065735
43,table,0,0,gap,4,-0.12846673466265224,2.8419802347832612,-4.304607272148133,-3.8282941009849316,-1.9230414163321259,0.42406974360346794,2.2186444252729416,2.7978095620870587,2.9426008462905884
43,table,0,0,abs_gap,4,2.588429966941476,1.180417579949127,1.1291861310601234,1.2564070541411638,1.7652907464653254,2.459963232278824,3.2831024527549744,4.100306308269501,4.304607272148133
43,table,0,0,quality,4,0.2106773070991039,0.07065545389719145,0.1486446112394333,0.14994800612330436,0.15516158565878863,0.18408468365669245,0.23960040509700772,0.3086362808942794,0.3258952498435974
43,table,0,0,loss,4,2.7070761874870404,1.0864817425159086,1.4093119292714753,1.5139626840364522,1.932565703096359,2.550484877657874,3.324995362048555,4.119417524698461,4.318023065360938
43,table,0,1,logit0,13,-1.5280037407691662,2.4275928716224473,-3.9680566787719727,-3.652959775924683,-3.0248913764953613,-2.8914942741394043,-0.8614292144775391,3.186343622207638,4.775129318237305
43,table,0,1,logit1,13,2.525838939043192,1.959224411537125,-2.03885269165039,-1.072689068317413,1.592279314994812,3.579802989959717,3.827345132827759,4.504407596588134,4.875850200653076
43,table,0,1,offset,13,0.4989175991370128,0.28390705689794277,0.28908610343933105,0.30017871856689454,0.3654250502586365,0.40400902926921844,0.45389676094055176,1.0568272769451135,1.3681383132934573
43,table,0,1,gap,13,4.053842679812358,4.3750568021917635,-6.813982009887695,-4.259032690525054,2.453708529472351,6.505460262298584,6.8131043910980225,8.157367372512816,8.843906879425049
43,table,0,1,abs_gap,13,5.495337318915587,2.3186268018821625,1.2821263372898102,1.9850756525993347,2.8027517795562744,6.5814337730407715,6.813982009887695,8.157367372512816,8.843906879425049
43,table,0,1,quality,13,0.32831430435180664,0.11491458440901366,0.1289935559034347,0.1520828247070312,0.2201922237873077,0.3615460097789764,0.4044945836067199,0.48161340355873106,0.4875994324684143
43,table,0,1,loss,13,0.03655677848362618,0.06708115631984556,0.00014424764130982481,0.000329422316470307,0.0010977079947744883,0.0013849014409057503,0.058875287222745376,0.1474317914090052,0.24486334161915901
43,table,1,-1,logit0,17,0.4623716727775686,2.565443250426071,-3.2855560779571533,-3.198684549331665,-1.8191055059432983,1.0027035474777222,3.4224674701690674,3.566744136810303,3.690848827362061
43,table,1,-1,logit1,17,1.9911070816657122,2.4442470045787736,-1.0683624744415283,-0.8450412750244141,-0.5399637222290039,1.7808979749679563,4.523262977600098,5.707248306274414,6.328359603881836
43,table,1,-1,offset,17,1.2267393772216404,0.22234691333783202,0.7107962965965271,0.8568508088588713,1.1439790725708008,1.1875019073486328,1.4342623949050903,1.5009522199630738,1.5214017629623413
43,table,1,-1,gap,17,1.5287354088881437,4.991385817747867,-4.604080438613892,-4.504863929748535,-3.976410150527954,0.8930363655090334,6.342368483543396,8.905932855606078,9.61391568183899
43,table,1,-1,abs_gap,17,4.49161003880641,2.660151046707013,0.03903883695602428,0.4780486941337586,3.343234419822693,4.137151837348938,6.342368483543396,8.905932855606078,9.61391568183899
43,table,1,-1,quality,17,0.35753579963656035,0.1256210931572454,0.1701298058032989,0.18589081168174737,0.2795214354991913,0.3545679152011871,0.4525021612644195,0.5707391023635864,0.6328426599502563
43,table,1,-1,loss,17,1.1347167563733573,1.7152935433035688,6.679054179770105e-05,0.0001428151298760838,0.001758581249893254,0.03471299642060277,1.236208069710639,4.1774113455716275,4.491328803565594
43,table,1,0,logit0,6,2.6911620696385703,1.1880489986407767,1.0027035474777222,1.008897602558136,1.6262266933918,3.4471484422683716,3.516689896583557,3.6510474681854252,3.690848827362061
43,table,1,0,logit1,6,0.06511507431666057,1.011535792377737,-0.7892109751701355,-0.7445014864206314,-0.596265435218811,-0.5469532012939453,0.6063397675752639,1.668915167450905,1.8957399129867556
43,table,1,0,offset,6,1.3781385719776154,0.16690132069244665,1.0079603493213654,1.1136523112654686,1.4316117465496063,1.4417420625686646,1.4504196271300318,1.4845846071839333,1.4958398342132568
43,table,1,0,gap,6,-2.6260469953219094,2.181262469642222,-4.480059802532196,-4.380595460534096,-4.079553604125977,-4.024008631706238,-1.0233816653490067,0.660017564892769,0.8930363655090334
43,table,1,0,abs_gap,6,2.9237257838249207,1.7623439857491692,0.03903883695602428,0.25253821909427654,1.6638798117637636,4.024008631706238,4.079553604125977,4.380595460534096,4.480059802532196
43,table,1,0,quality,6,0.3020080576340357,0.0762731021108683,0.1701298058032989,0.1835701465606689,0.25394454598426813,0.3464802950620651,0.35335520654916763,0.366372600197792,0.3702118098735809
43,table,1,0,loss,6,3.103804771050303,1.5211788334934424,0.7128570907908075,0.8436948355207654,1.9259033828754628,4.04175134058082,4.096327325502779,4.393229597942479,4.491328803565594
43,table,1,1,logit0,11,-0.753332180055705,2.283426202324168,-3.2855560779571533,-3.231261372566223,-2.506404757499695,-1.487035632133484,0.731157012283802,3.1951425075531006,3.5357179641723637
43,table,1,1,logit1,11,3.0416481765833767,2.355418055668255,-1.0683624744415283,-0.7785149216651917,1.324789971113205,3.815990686416626,4.683311939239502,5.940165042877197,6.328359603881836
43,table,1,1,offset,11,1.144157998263836,0.2046650078939424,0.7107962965965271,0.8020803667604923,1.0884535908699036,1.164477527141571,1.2105898261070251,1.4367402493953705,1.5214017629623413
43,table,1,1,gap,11,3.7949803566390816,4.621310183815005,-4.604080438613892,-3.9736574292182922,0.5936329588294027,5.30302631855011,7.189716696739197,9.17142641544342,9.61391568183899
43,table,1,1,abs_gap,11,5.346819632432678,2.6776675560161047,0.5878011584281921,1.181434117257595,3.7401931285858154,5.30302631855011,7.189716696739197,9.17142641544342,9.61391568183899
43,table,1,1,quality,11,0.38782365891066467,0.1364400660109485,0.1898310631513595,0.1917880550026893,0.2842247188091278,0.3820954859256744,0.46840663254261017,0.5940279364585876,0.6328426599502563
43,table,1,1,loss,11,0.06066874836775089,0.12821030248469917,6.679054179770105e-05,0.00011430590934669027,0.0007543107391492221,0.0049641686892898385,0.02527755592062153,0.2991900053569443,0.4418275760438417
43,table,2,-1,logit0,17,-1.1616580240866716,2.632115148500216,-3.8175530433654794,-3.400414371490479,-3.107217073440552,-2.377159833908081,0.208389937877655,4.148142719268798,4.262959003448486
43,table,2,-1,logit1,17,2.9082769926856544,3.0607485551878106,-3.2380576133728027,-3.048676586151123,1.208392858505249,4.274078845977783,5.13279390335083,5.621929454803466,6.454402446746826
43,table,2,-1,offset,17,0.8733094842994914,0.2460826748095487,0.4411325454711914,0.4981870651245117,0.708391398191452,0.8832759857177734,1.075132131576538,1.2000526428222655,1.3184247016906734
43,table,2,-1,gap,17,4.069935016772327,5.687723359546548,-7.501016616821289,-7.196819305419922,1.000002920627594,6.651238679885864,8.358811378479004,8.892977714538572,10.271955490112305
43,table,2,-1,abs_gap,17,6.576212409664603,2.380755846040142,1.000002920627594,2.5626022458076476,6.503832578659058,7.12076997756958,8.358811378479004,8.892977714538572,10.271955490112305
43,table,2,-1,quality,17,0.41871215841349435,0.13085897806228586,0.1521653831005096,0.20300450921058646,0.4082488119602203,0.427537053823471,0.5133063197135925,0.562209129333496,0.6454436779022217
43,table,2,-1,loss,17,0.6439778660413957,1.657766337703411,3.4589071281843076e-05,0.00016201265416206925,0.0002342952400242737,0.0008078178858044183,0.02374894569337771,3.7150427180821834,6.558787364795968
43,table,2,0,logit0,3,-0.05387363831202189,1.880002515609293,-2.476299285888672,-2.207830363512039,-1.1339546740055084,0.208389937877655,1.157339185476303,1.9164985835552213,2.106288433074951
43,table,2,0,logit1,3,1.4808328946431477,2.021063296362587,-0.84696364402771,-0.6414279937744141,0.18071460723876953,1.208392858505249,2.6447311639785767,3.7938018083572387,4.081069469451904
43,table,2,0,offset,3,0.713479628165563,0.07060547712569888,0.6296623945236206,0.6375352948904037,0.6690268963575363,0.708391398191452,0.7553882449865341,0.7929857224225998,0.8023850917816162
43,table,2,0,gap,3,1.5347065329551697,3.9010603788716165,-2.953252077102661,-2.557926577329636,-0.9766245782375336,1.000002920627594,3.778685837984085,6.001632171869278,6.557368755340576
43,table,2,0,abs_gap,3,3.5035412510236106,2.301911146042165,1.000002920627594,1.1953278362751008,1.9766274988651276,2.953252077102661,4.755310416221619,6.196957087516784,6.557368755340576
43,table,2,0,quality,3,0.2587094952662785,0.10887644784632775,0.1521653831005096,0.1585202738642692,0.18393983691930765,0.2157142907381057,0.311981551349163,0.3889953598380088,0.4082488119602203
43,table,2,0,loss,3,3.625385914622876,2.1860726335088017,1.3132638226689188,1.482348096042401,2.1586851895363295,3.00410655640374,4.781446960599855,6.203319283956745,6.558787364795968
43,table,2,1,logit0,14,-1.3990403924669539,2.7084895642979623,-3.8175530433654794,-3.478627872467041,-3.127620816230774,-2.6132160425186157,-1.1747900247573853,4.16967077255249,4.262959003448486
43,table,2,1,logit1,14,3.2141578708376204,3.1575569799399528,-3.2380576133728027,-3.084185528755188,2.835258185863495,4.5193030834198,5.2830952405929565,5.778018140792846,6.454402446746826
43,table,2,1,offset,14,0.9075587391853333,0.25654981400514754,0.4411325454711914,0.48748934268951416,0.7585631012916565,0.971405267715454,1.103525012731552,1.222247403860092,1.3184247016906734
43,table,2,1,gap,14,4.613198263304574,5.8607928111043694,-7.501016616821289,-7.253856301307678,4.01004821062088,7.115238547325134,8.420012414455414,9.151536047458649,10.271955490112305
43,table,2,1,abs_gap,14,7.234641943659101,1.8139588028115334,3.1787867546081543,3.5359828233718873,6.744958162307739,7.352688550949097,8.420012414455414,9.151536047458649,10.271955490112305
43,table,2,1,quality,14,0.452998443373612,0.10766573149367802,0.2329041063785553,0.23788788244128226,0.42517008632421494,0.45201185345649714,0.528332456946373,0.5778156071901321,0.6454436779022217
43,table,2,1,loss,14,0.005104712773935776,0.011556384424503765,3.4589071281843076e-05,0.00013812073237202683,0.0002205270667454684,0.0006477155388968647,0.0011906844783977633,0.029714255452166542,0.04079268786134582
43,table,3,-1,logit0,17,-0.4810960117508383,1.6796109387730536,-3.0187206268310547,-2.549245834350586,-2.128488779067993,-0.2490157783031463,0.7618087530136108,2.068437480926513,2.412008285522461
43,table,3,-1,logit1,17,1.713702929808813,2.195956251112404,-1.822569727897644,-1.4803728818893434,-0.0753220245242118,1.383044719696045,3.6120762825012207,4.508834838867187,5.33357048034668
43,table,3,-1,offset,17,0.6163034590289873,0.27505057173883934,0.2938605546951294,0.2945475339889526,0.3684193044900894,0.5670144706964493,0.7746709585189819,1.101149845123291,1.1574249267578125
43,table,3,-1,gap,17,2.194798941559651,3.8709200788489593,-4.234578013420105,-3.548810362815857,-0.8371307775378226,1.6320604979991913,5.744907855987549,6.8153699874877915,8.352291107177734
43,table,3,-1,abs_gap,17,3.6800984613159122,2.5016074763494878,0.24120369553565985,0.28369603753089906,1.063508003950119,3.7667887210845947,5.744907855987549,6.8153699874877915,8.352291107177734
43,table,3,-1,quality,17,0.26058249307029385,0.1321912145668793,0.1088861748576164,0.1115008160471916,0.1273402720689773,0.2426390498876571,0.3615270256996155,0.45101695060729974,0.5333806276321411
43,table,3,-1,loss,17,0.22621997554828444,0.36765930974441297,0.00023582771909502753,0.0013346203525621547,0.003193923301811896,0.02286285069847116,0.35973593728789544,0.9288195661951799,1.3600823511121254
43,table,3,0,logit0,2,0.7263211607933044,0.17385214567184448,0.55246901512146,0.5698542296886444,0.6393950879573822,0.7263211607933044,0.8132472336292267,0.8827880918979645,0.9001733064651489
43,table,3,0,logit1,2,0.07396531105041501,0.2373000085353851,-0.1633346974849701,-0.13960469663143157,-0.04468469321727754,0.07396531105041501,0.19261531531810755,0.28753531873226157,0.3112653195858001
43,table,3,0,offset,2,0.40014323592185974,0.031723931431770325,0.3684193044900894,0.37159169763326644,0.3842812702059746,0.40014323592185974,0.4160052016377449,0.42869477421045304,0.43186716735363007
43,table,3,0,gap,2,-0.6523558497428894,0.41115215420722956,-1.063508003950119,-1.022392788529396,-0.8579319268465042,-0.6523558497428894,-0.44677977263927465,-0.28231891095638284,-0.24120369553565985
43,table,3,0,abs_gap,2,0.6523558497428894,0.41115215420722956,0.24120369553565985,0.28231891095638284,0.44677977263927465,0.6523558497428894,0.8579319268465042,1.022392788529396,1.063508003950119
43,table,3,0,quality,2,0.11645083501935,0.0032239221036433965,0.1132269129157066,0.11354930512607095,0.1148388739675283,0.11645083501935,0.1180627960711717,0.11935236491262906,0.1196747571229934
43,table,3,0,loss,2,1.0905431105390346,0.26953924057309064,0.8210038699659441,0.8479577940232532,0.9557734902524895,1.0905431105390346,1.22531273082558,1.3331284270548163,1.3600823511121254
43,table,3,1,logit0,15,-0.6420849680900573,1.7242129826062171,-3.0187206268310547,-2.6079301834106445,-2.1306601762771606,-1.2961475849151611,0.6469468474388123,2.1113838315010067,2.412008285522461
43,table,3,1,logit1,15,1.9323346123099328,2.2475276323381084,-1.822569727897644,-1.5231474876403808,0.08122189715504652,2.4706411361694336,3.7966476678848267,4.611926794052123,5.33357048034668
43,table,3,1,offset,15,0.6451248221099377,0.28025875245679416,0.2938605546951294,0.29446166157722475,0.36408437229692936,0.5872467756271362,0.8275322914123535,1.1081842303276062,1.1574249267578125
43,table,3,1,gap,15,2.57441958039999,3.9666612990911876,-4.234578013420105,-3.634531319141388,-0.5657249502837658,3.7667887210845947,6.039862275123596,7.0074851274490335,8.352291107177734
43,table,3,1,abs_gap,15,4.0837974761923155,2.384247514646901,0.29431912302970886,0.5707677066326142,2.1044991761446,4.234578013420105,6.039862275123596,7.0074851274490335,8.352291107177734
43,table,3,1,quality,15,0.27980004747708637,0.12908870839702302,0.1088861748576164,0.1111739858984947,0.16257774084806437,0.2493504136800766,0.37990640103816986,0.46131241023540487,0.5333806276321411
43,table,3,1,loss,15,0.11097689088285104,0.1749897064560409,0.00023582771909502753,0.0011972712733787638,0.002482911727670123,0.014382003176852454,0.1259214444222042,0.45177013129870464,0.5567767299051747
43,table,4,-1,logit0,17,-0.08124163746833804,2.8969834739023126,-3.700505256652832,-3.349420356750488,-2.3471827507019043,-0.9569166302680968,0.9783912301063538,4.888609600067139,5.027425289154053
43,table,4,-1,logit1,17,1.2107989560155308,2.4969328987582706,-2.967592239379883,-2.8429189682006837,0.08811055123806,1.7925171852111816,3.2961199283599854,4.241573619842529,4.580214977264404
43,table,4,-1,offset,17,0.5647786592735964,0.22402218307458524,0.3168661594390869,0.329298734664917,0.4178002774715424,0.48821496963500977,0.5741621553897858,1.0306456327438354,1.0335620641708372
43,table,4,-1,gap,17,1.2920405934838688,5.390141978082856,-7.9950175285339355,-7.711553287506104,-0.8816646486520767,2.7494338154792786,5.571162462234497,7.5260613441467274,8.280720233917236
43,table,4,-1,abs_gap,17,4.852084394763498,2.6796037888452204,0.4215187430381775,0.7505297183990479,2.7494338154792786,5.539568185806274,7.326738119125366,8.052158069610595,8.280720233917236
43,table,4,-1,quality,17,0.30819084013209624,0.13083624156142198,0.1281944811344146,0.1287874281406402,0.1854518949985504,0.32999187707901,0.4157563745975494,0.48890616893768307,0.5027762651443481
43,table,4,-1,loss,17,0.7046241758752847,1.8036777125161656,0.00025332257081611687,0.0003203296448900161,0.0007790618343785916,0.005714079954912243,0.36105172926055795,2.8803845567325057,7.6411676099740475
43,table,4,0,logit0,4,1.5877374336123466,1.9442871392817016,-0.2662687003612518,-0.10859016627073281,0.5221239700913429,0.8816563785076141,1.9472698420286179,4.272578510642051,4.85390567779541
43,table,4,0,logit1,4,-0.2766667939722539,1.507460976281207,-2.786781549453736,-2.354255329817534,-0.6241504512727262,0.230064682662487,0.5775483399629593,1.0914976745843885,1.219985008239746
43,table,4,0,offset,4,0.6555353198200464,0.22100326649776075,0.47685815393924713,0.48596326671540735,0.5223837178200483,0.5558605305850506,0.6890121325850487,0.9646520778536793,1.0335620641708372
43,table,4,0,gap,4,-1.8644042275846004,3.451088578226166,-7.6406872272491455,-6.626833840459585,-2.571420293301344,-0.6515916958451271,0.055424369871616364,1.200087840855121,1.486253708600998
43,table,4,0,abs_gap,4,2.6075310818850994,2.9303237288056687,0.4215187430381775,0.4905406288802624,0.7666281722486019,1.1839591786265373,3.024862088263035,6.717522199451921,7.6406872272491455
43,table,4,0,quality,4,0.22231357544660563,0.1519953375043065,0.1289356648921966,0.12946851029992099,0.13159989193081856,0.13743999600410461,0.2281536795198917,0.43398165181279164,0.4854386448860168
43,table,4,0,loss,4,2.8713658017168964,2.7672623912563274,0.9259538057454213,0.9712836845425067,1.1526031997308481,1.4591708955740579,3.177933497560106,6.748520787491257,7.6411676099740475
43,table,4,1,logit0,13,-0.5947736593393179,2.948030032607394,-3.700505256652832,-3.4371915817260743,-2.9653337001800537,-1.6074204444885254,0.9208930134773254,4.71996259689331,5.027425289154053
43,table,4,1,logit1,13,1.6684807252425413,2.561945484936997,-2.967592239379883,-2.8740872859954836,0.08811055123806,2.382287979125977,3.798773050308228,4.326233959197998,4.580214977264404
43,table,4,1,offset,13,0.5368535329516118,0.21745141435685764,0.3168661594390869,0.3261905908584595,0.41671967506408714,0.43985486030578613,0.5105386972427366,0.92834016084671,1.029916524887085
43,table,4,1,gap,13,2.263254384581859,5.506337349950987,-7.9950175285339355,-7.594049882888794,-0.8327824622392654,3.9897084236145024,6.764106750488281,7.714726066589354,8.280720233917236
43,table,4,1,abs_gap,13,5.542716183341467,2.172640957848042,0.8327824622392654,1.9827732741832735,3.9897084236145024,5.571162462234497,7.326738119125366,8.109298610687256,8.280720233917236
43,table,4,1,quality,13,0.33461461388147795,0.11094743082958734,0.1281944811344146,0.16254892945289606,0.2400624006986618,0.3447318375110626,0.4157563745975494,0.4759386003017425,0.5027762651443481
43,table,4,1,loss,13,0.03793444484709663,0.09490347843300123,0.00025332257081611687,0.00030357787637154133,0.0006574992814405434,0.0037988287710035706,0.01833597285875488,0.1816216626170729,0.36105172926055795
43,us,-1,-1,logit0,85,-0.058842059623737654,0.521730172412271,-1.426861047744751,-0.7494335651397706,-0.4262116849422455,-0.0736756846308708,0.2318556904792785,0.8366213083267211,1.7872766256332395
43,us,-1,-1,logit1,85,1.993133750908515,0.9896576763453143,-0.2096403092145919,0.3072682619094848,1.2704161405563354,2.0887386798858643,2.732012987136841,3.440746212005615,4.781043529510498
43,us,-1,-1,offset,85,0.9671458456423887,0.37292683542797883,0.2879568338394165,0.33536602556705475,0.7250089049339294,1.0248517766594887,1.2402527630329132,1.5539419531822205,1.7481210380792618
43,us,-1,-1,gap,85,2.0519758105322525,1.3953321038304045,-1.9969169348478315,-0.10619043707847593,1.1695984303951263,2.192697063088417,3.034273147583008,4.074856913089752,6.207904577255249
43,us,-1,-1,abs_gap,85,2.133390030093998,1.2673607957029478,0.0005724132061004639,0.15534988045692444,1.181327223777771,2.192697063088417,3.034273147583008,4.074856913089752,6.207904577255249
43,us,-1,-1,quality,85,0.22234663682825426,0.07768787882982732,0.0983300134539604,0.10643296688795084,0.1560422480106353,0.2181701511144638,0.2769663631916046,0.3459108650684356,0.4783054888248443
43,us,-1,-1,loss,85,0.7150609151032747,1.017300434852555,0.0020114278022074217,0.016876063473201874,0.0618591668981785,0.1983329624716037,0.834734712664619,3.0136217177714344,3.831431485815747
43,us,-1,0,logit0,25,0.06696730017662049,0.4521060685568805,-0.65837162733078,-0.6184400320053101,-0.1568761467933654,0.0893865972757339,0.2993686497211456,0.9173574924468991,1.1012718677520752
43,us,-1,0,logit1,25,1.7470004451274872,1.0153330249404529,0.2115063965320587,0.2868226170539856,0.8502777814865112,1.909858226776123,2.5851316452026367,3.0580418109893803,3.6528782844543457
43,us,-1,0,offset,25,0.9069838726520538,0.40840989848988624,0.29908244311809534,0.3058262780308723,0.591099202632904,0.9622377268970013,1.1980948746204376,1.5429388940334319,1.7481210380792618
43,us,-1,0,gap,25,1.6800331449508668,1.3429100925911985,-0.6526071429252625,-0.43541398644447327,0.47732953727245336,1.768258810043335,2.6625573113560677,3.712923848628998,3.809514492750168
43,us,-1,0,abs_gap,25,1.7864805412292482,1.1976669656987515,0.0005724132061004639,0.15534988045692444,0.6526071429252625,1.768258810043335,2.6625573113560677,3.712923848628998,3.809514492750168
43,us,-1,0,quality,25,0.2044250890612602,0.07604867467710635,0.0992229729890823,0.10077637881040566,0.1320528835058212,0.2049865573644638,0.2646059095859527,0.3082158327102661,0.367479532957077
43,us,-1,0,loss,25,2.030507247313196,0.9994482621843871,0.6934334281201047,0.7738510609878164,1.0717690215392341,1.925800729626498,2.7300005823323366,3.737040406711887,3.831431485815747
43,us,-1,1,logit0,60,-0.11126262620722022,0.5395465601535911,-1.426861047744751,-0.8113486856222153,-0.461727038025856,-0.09085887297987935,0.17484151199460024,0.7313408613204954,1.7872766256332395
43,us,-1,1,logit1,60,2.095689294983943,0.9603191276750183,-0.2096403092145919,0.6815822392702103,1.5316115021705627,2.108610153198242,2.81430184841156,3.4643122434616087,4.781043529510498
43,us,-1,1,offset,60,0.9922133343883616,0.3540991067839338,0.2879568338394165,0.393501590937376,0.7771860193461179,1.039149971678853,1.2518380463116046,1.5338719208724796,1.7166915684938433
43,us,-1,1,gap,60,2.2069519211911635,1.3874804234307028,-1.9969169348478315,0.13389136791229247,1.4296076595783234,2.2452372200787067,3.140042811632157,4.251229687035083,6.207904577255249
43,us,-1,1,abs_gap,60,2.2779356504543102,1.2675755915297946,0.1233732700347901,0.2572837442159653,1.463914230465889,2.2452372200787067,3.140042811632157,4.251229687035083,6.207904577255249
43,us,-1,1,quality,60,0.2298139483978351,0.07714157326676142,0.0983300134539604,0.11574776917695995,0.17913481593132016,0.22272165119647974,0.28496506065130234,0.34829288125038144,0.4783054888248443
43,us,-1,1,loss,60,0.1669582766824743,0.16877636468233295,0.0020114278022074217,0.014146604690740739,0.04240573381653723,0.10071301299252888,0.2081220582693255,0.5728550283490654,0.633361960580568
43,us,0,-1,logit0,17,-0.2414038646966219,0.2983975068048397,-0.7130947113037109,-0.6952808856964111,-0.4491415023803711,-0.2800137102603912,0.0146172270178794,0.19226261973381034,0.2592744529247284
43,us,0,-1,logit1,17,2.273636414724238,0.7088095629490081,0.7177713513374329,1.074168074131012,1.6925127506256104,2.3983404636383057,2.910271644592285,3.105994176864624,3.276875257492065
43,us,0,-1,offset,17,1.016116275013808,0.22096914347727312,0.4885229021310806,0.562874548882246,0.9340112060308456,1.066519021987915,1.1711337864398959,1.2648729622364043,1.2930239140987394
43,us,0,-1,gap,17,2.5150402794208597,0.9937779871351031,0.45849689841270447,1.0225870504975318,1.5407037436962128,2.676525056362152,3.304872840642929,3.779974520206451,3.967702686786651
43,us,0,-1,abs_gap,17,2.5150402794208597,0.9937779871351031,0.45849689841270447,1.0225870504975318,1.5407037436962128,2.676525056362152,3.304872840642929,3.779974520206451,3.967702686786651
43,us,0,-1,quality,17,0.23922040225828395,0.05982644432485566,0.1207720562815666,0.13896175473928452,0.1890845745801925,0.2465713024139404,0.2946318089962005,0.3128867089748382,0.3295615613460541
43,us,0,-1,loss,17,0.784901920158007,1.2168382857290887,0.018740142632043266,0.02265870759629589,0.038391499912717286,0.19411036587759645,0.4899491644967964,3.2141193840053064,3.745551615754467
43,us,0,0,logit0,4,-0.34595956839621067,0.2456065570586459,-0.65837162733078,-0.6269871085882187,-0.5014490336179733,-0.37004193663597107,-0.2145524714142084,-0.031216712668538264,0.0146172270178794
43,us,0,0,logit1,4,2.485961616039276,0.41385239532463913,1.909858226776123,1.9812168955802918,2.2666515707969666,2.485357165336609,2.7046672105789185,2.9915525674819947,3.063273906707764
43,us,0,0,offset,4,1.0700010238215327,0.08613130515226755,0.9622377268970013,0.9750000914558768,1.026049549691379,1.057657614350319,1.1016090884804726,1.182282729446888,1.202451139688492
43,us,0,0,gap,4,2.831921184435487,0.6584211152927543,1.8952409997582436,2.0124336082488297,2.481204042211175,2.85539910197258,3.206116244196892,3.6185396760702133,3.721645534038544
43,us,0,0,abs_gap,4,2.831921184435487,0.6584211152927543,1.8952409997582436,2.0124336082488297,2.481204042211175,2.85539910197258,3.206116244196892,3.6185396760702133,3.721645534038544
43,us,0,0,quality,4,0.2555321641266346,0.037246054928271294,0.2049865573644638,0.21102038994431496,0.23515572026371956,0.25421205163002014,0.2745884954929352,0.30189209580421444,0.3087179958820343
43,us,0,0,loss,4,2.901281113468143,0.6164883208491725,2.035248227464978,2.141420486032998,2.5661095203050768,2.912162305326563,3.247333898489629,3.645908072301499,3.745551615754467
43,us,0,1,logit0,13,-0.20923287894290227,0.30574319046984294,-0.7130947113037109,-0.699734342098236,-0.422347754240036,-0.2653024196624756,0.0581465065479278,0.20901557803153978,0.2592744529247284
43,us,0,1,logit1,13,2.2083055835503798,0.7656107782243815,0.7177713513374329,0.9850688934326173,1.5988502502441406,2.3983404636383057,2.910271644592285,3.1227187633514397,3.276875257492065
43,us,0,1,offset,13,0.9995363523037388,0.24576456351982987,0.4885229021310806,0.5442866371944547,0.8333211950957775,1.066519021987915,1.1711337864398959,1.271910700201988,1.2930239140987394
43,us,0,1,gap,13,2.4175384624932823,1.0572022709849205,0.45849689841270447,0.8815645124763252,1.5170030891895294,2.6636428833007812,3.304872840642929,3.826906561851501,3.967702686786651
43,us,0,1,abs_gap,13,2.4175384624932823,1.0572022709849205,0.45849689841270447,0.8815645124763252,1.5170030891895294,2.6636428833007812,3.304872840642929,3.826906561851501,3.967702686786651
43,us,0,1,quality,13,0.23420139860648376,0.06439398836490837,0.1207720562815666,0.13441433012485504,0.1792960613965988,0.2465713024139404,0.2946318089962005,0.3144397854804992,0.3295615613460541
43,us,0,1,loss,13,0.1337083222164268,0.1308718536450976,0.018740142632043266,0.021679066355232736,0.036046332809289705,0.06737250669809569,0.1983329624716037,0.35907436672641463,0.4899491644967964
43,us,1,-1,logit0,17,-0.185172510716845,0.5665309745570126,-1.426861047744751,-0.8852569580078125,-0.6409236788749695,-0.0839416459202766,0.1184212118387222,0.7495927810668944,0.8410420417785645
43,us,1,-1,logit1,17,2.3950435449095333,1.0262801862557636,0.3411563634872436,0.8606148004531861,1.8810834884643557,2.471518278121948,3.0371134281158447,3.7558518409728996,4.781043529510498
43,us,1,-1,offset,17,1.1049355170963442,0.24283191107728408,0.591099202632904,0.7759338274598122,0.9923901483416557,1.1017537713050842,1.2402527630329132,1.4352974414825437,1.6770912408828735
43,us,1,-1,gap,17,2.5802160556263782,1.5851016950081096,-0.49988567829132086,0.11102201938629153,1.7625925987958908,2.5458239838480945,3.678037106990814,4.641108798980712,6.207904577255249
43,us,1,-1,abs_gap,17,2.6390261354253575,1.4851273796451376,0.2637489438056946,0.4526583313941956,1.7625925987958908,2.5458239838480945,3.678037106990814,4.641108798980712,6.207904577255249
43,us,1,-1,quality,17,0.25668639996472525,0.08415199219994192,0.1315162181854248,0.1511370420455932,0.2039443105459213,0.2547004818916321,0.3062071800231933,0.37675915360450735,0.4783054888248443
43,us,1,-1,loss,17,0.8402777839848776,1.2180864115860224,0.0020114278022074217,0.011739692707607219,0.03942815520768228,0.15836982233403774,0.9740058251014796,3.379134445630165,3.7029955705415687
43,us,1,0,logit0,5,-0.05878150314092636,0.5293857460966701,-0.6409236788749695,-0.6184400320053101,-0.5285054445266724,-0.0839416459202766,0.1184212118387222,0.6965178757905959,0.8410420417785645
43,us,1,0,logit1,5,2.113996386528015,0.9640716602836485,0.3411563634872436,0.649141788482666,1.8810834884643557,2.578615665435791,2.732012987136841,2.9760933399200438,3.0371134281158447
43,us,1,0,offset,5,1.0276074416935443,0.2341623688619438,0.591099202632904,0.6728298321366311,0.999752350151539,1.1017537713050842,1.1980948746204376,1.2374885827302933,1.2473370097577572
43,us,1,0,gap,5,2.1727778896689416,1.4832527797717587,-0.49988567829132086,-0.047376087307929915,1.7626622766256335,2.6625573113560677,3.260518431663513,3.594533371925354,3.678037106990814
43,us,1,0,abs_gap,5,2.37273216098547,1.1362854653475467,0.49988567829132086,0.7524409979581834,1.7626622766256335,2.6625573113560677,3.260518431663513,3.594533371925354,3.678037106990814
43,us,1,0,quality,5,0.23664799630641933,0.06223811934141592,0.1315162181854248,0.14600183665752411,0.2039443105459213,0.2646059095859527,0.2769663631916046,0.3003590166568756,0.3062071800231933
43,us,1,0,loss,5,2.5252386072425077,0.9795776190158331,0.9740058251014796,1.1634090388481513,1.9210218938348382,2.7300005823323366,3.298169164402314,3.6220302893137175,3.7029955705415687
43,us,1,1,logit0,12,-0.23783543054014444,0.573140071225257,-1.426861047744751,-1.0545082360506057,-0.7340615540742874,-0.08913204446434975,0.10737562365829938,0.5681520864367483,0.726730465888977
43,us,1,1,logit1,12,2.512146527568499,1.0286966548488394,0.9904794096946716,1.1444446116685867,1.8457745611667633,2.286379337310791,3.2459800243377686,4.076224243640898,4.781043529510498
43,us,1,1,offset,12,1.1371555485141773,0.23908313291947525,0.8221424836665392,0.8398902446962893,0.9589438457041979,1.1484421603381634,1.2559592351317406,1.5108580037951467,1.6770912408828735
43,us,1,1,gap,12,2.7499819581086435,1.5952334374931476,0.2637489438056946,0.5762925252318383,1.743200215511024,2.369260523468256,3.980041578412056,5.130732479691504,6.207904577255249
43,us,1,1,abs_gap,12,2.7499819581086435,1.5952334374931476,0.2637489438056946,0.5762925252318383,1.743200215511024,2.369260523468256,3.980041578412056,5.130732479691504,6.207904577255249
43,us,1,1,quality,12,0.2650357348223527,0.0904499586043296,0.1560422480106353,0.15996262356638905,0.20070805773138994,0.23872344195842737,0.32645357400178904,0.40849238336086263,0.4783054888248443
43,us,1,1,loss,12,0.1382107742941984,0.16211701854878907,0.0020114278022074217,0.008699609924669782,0.01855570340395718,0.09065022892906893,0.16130590277764023,0.4551816174666047,0.5699430595481372
43,us,2,-1,logit0,17,-0.08917080830125247,0.7249921838932066,-1.117140293121338,-0.9617218494415284,-0.6268364787101746,-0.1898181587457656,0.3105922639369964,1.1066044092178338,1.7872766256332395
43,us,2,-1,logit1,17,1.831055207287564,0.8571230491764033,-0.2096403092145919,0.1851353079080582,1.339347243309021,2.0774471759796143,2.2911362648010254,2.910285425186157,3.21929669380188
43,us,2,-1,offset,17,0.8709421994931558,0.14544210807415542,0.6101327836513519,0.671102112531662,0.7678393498063087,0.8483315706253052,0.9602855145931244,1.105757024884224,1.108993723988533
43,us,2,-1,gap,17,1.9202260155888164,1.560747753183446,-1.9969169348478315,-0.9214691013097762,1.181327223777771,2.338259845972061,3.005840539932251,3.872007274627685,4.336436986923218
43,us,2,-1,abs_gap,17,2.2319347306209454,1.068489053879021,0.1344449520111084,0.5489747047424317,1.5672741830348966,2.338259845972061,3.005840539932251,3.872007274627685,4.336436986923218
43,us,2,-1,quality,17,0.21443316778715915,0.04739272784545875,0.1355598270893097,0.14212753176689147,0.1914572566747665,0.2179159224033355,0.2371483594179153,0.2931373536586761,0.3232295215129852
43,us,2,-1,loss,17,0.6157252136761677,0.8338784154178251,0.012998216349447755,0.02108787638614613,0.048311128042405116,0.12729602080587488,1.0717690215392341,2.3994140137123514,2.6529289137483167
43,us,2,0,logit0,5,0.12006900608539584,0.4688702442517992,-0.4712274670600891,-0.4083572030067444,-0.1568761467933654,0.095680832862854,0.1963314563035965,0.7884153753519056,0.9364363551139832
43,us,2,0,logit1,5,1.4172568559646606,0.6669748389816939,0.2838292121887207,0.4824649810791016,1.277008056640625,1.339347243309021,2.0774471759796143,2.1024115085601807,2.1086525917053223
43,us,2,0,offset,5,0.7686629310250283,0.11927531112598742,0.6101327836513519,0.6253751158714295,0.6863444447517395,0.7678393498063087,0.8187125623226166,0.9319709241390228,0.9602855145931244
43,us,2,0,gap,5,1.2971878498792648,1.1280439194384198,-0.6526071429252625,-0.29348255693912506,1.1430157870054245,1.181327223777771,2.2343233227729797,2.510768711566925,2.5798800587654114
43,us,2,0,abs_gap,5,1.5582307070493697,0.7260140946736525,0.6526071429252625,0.7506888717412948,1.1430157870054245,1.181327223777771,2.2343233227729797,2.510768711566925,2.5798800587654114
43,us,2,0,quality,5,0.17754429876804348,0.03414548111519932,0.1355598270893097,0.13934074044227598,0.1544643938541412,0.1616111993789672,0.2179159224033355,0.21811930537223814,0.2181701511144638
43,us,2,0,loss,5,1.7858953549006542,0.6019868812752557,1.0717690215392341,1.141371308714339,1.4197804574147581,1.4489630930976025,2.3360352887033606,2.5895501887393255,2.6529289137483167
43,us,2,1,logit0,12,-0.1763540642956893,0.7919447720195992,-1.117140293121338,-1.0102901130914688,-0.6923113465309143,-0.4489056318998337,0.31428335607051844,1.1755614012479774,1.7872766256332395
43,us,2,1,logit1,12,2.0034711870054402,0.8685269553768795,-0.2096403092145919,0.3508935041725636,1.897635281085968,2.219632148742676,2.385619342327118,3.0068514466285703,3.21929669380188
43,us,2,1,offset,12,0.9135585613548756,0.13365871371553387,0.734337568283081,0.7387111872434616,0.7891097087413073,0.8944787159562112,1.0507638398557901,1.1067684933543205,1.108993723988533
43,us,2,1,gap,12,2.17982525130113,1.6406012865051791,-1.9969169348478315,-0.8246678970754145,1.5833519250154495,2.6163801923394203,3.0886148661375046,4.017141559720039,4.336436986923218
43,us,2,1,abs_gap,12,2.512644740442435,1.0629332602846953,0.1344449520111084,0.922501029074192,1.8948654942214487,2.6163801923394203,3.0886148661375046,4.017141559720039,4.336436986923218
43,us,2,1,quality,12,0.22980352987845734,0.04350738637908924,0.1437694579362869,0.1699977472424507,0.20843581855297083,0.22730369865894315,0.24327022954821587,0.3025411561131477,0.3232295215129852
43,us,2,1,loss,12,0.12815432149929804,0.1606933614355892,0.012998216349447755,0.01855985762467789,0.04456244804299481,0.07110322357648613,0.14192351166421996,0.3868924999469177,0.6281824355667047
43,us,3,-1,logit0,17,-0.024516114417244415,0.29388641403685195,-0.5872153043746948,-0.5651048421859741,-0.2153714895248413,-0.0609960556030273,0.2318287193775177,0.36121016740798945,0.3890336155891418
43,us,3,-1,logit1,17,0.8801612415734459,0.5086782425443683,0.2115063965320587,0.219628769159317,0.4974206089973449,0.7346660494804382,1.2105730772018433,1.7835239887237546,2.0372331142425537
43,us,3,-1,offset,17,0.4278225635781008,0.11807078879950074,0.2879568338394165,0.2968573212623596,0.3280513659119606,0.39480574429035187,0.497600793838501,0.6092095732688902,0.7250089049339294
43,us,3,-1,gap,17,0.9046773559906903,0.796544231613028,-0.1775272190570831,-0.14158139824867247,0.2655918896198272,0.8638980537652969,1.4259445667266846,2.3486288309097287,2.6244484186172485
43,us,3,-1,abs_gap,17,0.9412296589683083,0.7530010361458326,0.0005724132061004639,0.09881309866905218,0.2655918896198272,0.8638980537652969,1.4259445667266846,2.3486288309097287,2.6244484186172485
43,us,3,-1,quality,17,0.12800551994758488,0.030708514988595413,0.0983300134539604,0.09904438108205792,0.1063771247863769,0.1169506534934043,0.1425911337137222,0.1875450611114501,0.2107206583023071
43,us,3,-1,loss,17,0.5596194604979337,0.3916482136748425,0.0699734667250067,0.09192656487696356,0.21533828465779092,0.46650483946754084,0.785845116928326,1.2910396457914197,1.4584700595601774
43,us,3,0,logit0,6,0.13511338084936142,0.18970055883259104,-0.1379412412643432,-0.11870494484901423,-0.023400392383337,0.1606076583266258,0.2824836671352386,0.36661737412214274,0.3890336155891418
43,us,3,0,logit1,6,0.5800849149624506,0.294756195325578,0.2115063965320587,0.2333288565278053,0.34845232963562006,0.5320683717727661,0.7793873697519302,1.0044136941432953,1.0557923316955566
43,us,3,0,offset,6,0.357599147905906,0.05667508563188071,0.29908244311809534,0.29937933385372156,0.3072153460234403,0.34633801504969597,0.3871368132531643,0.4428543746471405,0.4589255452156067
43,us,3,0,gap,6,0.44497153411308926,0.482583435358997,-0.1775272190570831,-0.13328851759433744,0.06596866250038146,0.3714607134461403,0.8027877621352673,1.1231186389923096,1.1937335729599
43,us,3,0,abs_gap,6,0.5043380782008171,0.4201541873295492,0.0005724132061004639,0.04481111466884612,0.19954338669776914,0.3714607134461403,0.8027877621352673,1.1231186389923096,1.1937335729599
43,us,3,0,quality,6,0.11023787036538119,0.011704985504130915,0.0992229729890823,0.09935101866722101,0.10103668458759778,0.10579880326986305,0.11577803641557688,0.12874431349337098,0.1320528835058212
43,us,3,0,loss,6,0.9969485672507717,0.2711046930599866,0.6934334281201047,0.71653635032216,0.7980675158623993,0.8973803782733965,1.1768930427324662,1.4061480552574406,1.4584700595601774
43,us,3,1,logit0,11,-0.1115867481990294,0.30392512526202126,-0.5872153043746948,-0.5733962655067444,-0.25374323874711985,-0.1899934709072113,0.15089754015207285,0.3306451737880707,0.3542543053627014
43,us,3,1,logit1,11,1.043839237906716,0.525923687453806,0.2216593623161316,0.3260343372821808,0.7139021158218384,0.979604959487915,1.3600924015045166,1.8786649107933044,2.0372331142425537
43,us,3,1,offset,11,0.46612624485384335,0.12504284255595313,0.2879568338394165,0.2945050857961178,0.3817642107605934,0.434710331261158,0.5531745813786983,0.65263432264328,0.7250089049339294
43,us,3,1,gap,11,1.1554259861057454,0.8218208829685434,-0.13259494304656982,-0.004610836505889865,0.5638364180922508,1.1695984303951263,1.6138356402516365,2.452061176300049,2.6244484186172485
43,us,3,1,abs_gap,11,1.1795341575687581,0.7868277728831073,0.1233732700347901,0.12798410654067996,0.5638364180922508,1.1695984303951263,1.6138356402516365,2.452061176300049,2.6244484186172485
43,us,3,1,quality,11,0.13769696517424146,0.033414582577779774,0.0983300134539604,0.10235356912016866,0.1123016402125358,0.1250007301568985,0.15417093038558954,0.1962359100580215,0.2107206583023071
43,us,3,1,loss,11,0.3210763113600221,0.1890510533231592,0.0699734667250067,0.08369415306997974,0.18161687673952664,0.2704023341639903,0.4506726256977647,0.6312038694691464,0.633361960580568
43,us,4,-1,logit0,17,0.2460530000132755,0.4412292593636186,-0.4993164539337158,-0.4408326387405396,-0.0661751329898834,0.2318556904792785,0.5008106231689453,0.9301091670989988,1.1012718677520752
43,us,4,-1,logit1,17,2.585772346047794,0.7011598223238544,1.25107741355896,1.5419675350189208,2.1159799098968506,2.549776554107666,2.930225133895874,3.694221591949463,3.859594821929932
43,us,4,-1,offset,17,1.415912673030535,0.17199651028751406,1.1761746406555176,1.1917532324790954,1.2543393492669566,1.427239939570427,1.529862940311432,1.722977462410927,1.7481210380792618
43,us,4,-1,gap,17,2.3397193460345185,1.1199488887066413,0.14980554580688477,0.6118583679199219,1.4749427437782288,2.4726286083459854,3.003900818526745,4.026580399274826,4.285806506872177
43,us,4,-1,abs_gap,17,2.3397193460345185,1.1199488887066413,0.14980554580688477,0.6118583679199219,1.4749427437782288,2.4726286083459854,3.003900818526745,4.026580399274826,4.285806506872177
43,us,4,-1,quality,17,0.2733876941835179,0.05740370766440619,0.1872124522924423,0.19815263450145718,0.2322011440992355,0.2630769312381744,0.2978627979755401,0.3714488923549652,0.3873263299465179
43,us,4,-1,loss,17,0.7747801971993883,1.1415675051408238,0.013668674069628572,0.01781416337790649,0.04921587688472284,0.2060314317174048,0.770852547002689,2.9455425905848474,3.831431485815747
43,us,4,0,logit0,5,0.3881805956363678,0.40826364766140955,-0.1566362082958221,-0.07893782854080196,0.2318556904792785,0.3400000929832458,0.4244115352630615,0.9658998012542723,1.1012718677520752
43,us,4,0,logit1,5,2.5188777923583983,0.7929987667439666,1.25107741355896,1.4393959999084474,2.1926703453063965,2.6096951961517334,2.8880677223205566,3.4999161720275875,3.6528782844543457
43,us,4,0,offset,5,1.4535291939973831,0.19824926360755962,1.1761746406555176,1.20264790058136,1.308540940284729,1.4748476445674896,1.5599617063999176,1.710489171743393,1.7481210380792618
43,us,4,0,gap,5,2.1306971967220307,1.1974311746546205,0.14980554580688477,0.4734961986541748,1.768258810043335,2.2696951031684875,2.656212031841278,3.5788540005683895,3.809514492750168
43,us,4,0,abs_gap,5,2.1306971967220307,1.1974311746546205,0.14980554580688477,0.4734961986541748,1.768258810043335,2.2696951031684875,2.656212031841278,3.5788540005683895,3.809514492750168
43,us,4,0,quality,5,0.271221974492073,0.06037832951030576,0.1872124522924423,0.19677420854568478,0.2350212335586547,0.2708040475845337,0.2955926060676574,0.3531021475791931,0.367479532957077
43,us,4,0,loss,5,2.324039102947379,1.0005173861948597,0.770852547002689,1.001842183527451,1.925800729626498,2.368040385514837,2.7240703667771236,3.6099592620080223,3.831431485815747
43,us,4,1,logit0,12,0.18683316850365372,0.44093973982566553,-0.4993164539337158,-0.45910883098840716,-0.06805027090013024,0.03870428055233785,0.5358672589063644,0.84970942735672,0.88731849193573
43,us,4,1,logit1,12,2.613645076751709,0.6571208883736838,1.6146900653839111,1.7890121519565583,2.077747017145157,2.529097318649292,3.0142860412597656,3.641169250011444,3.859594821929932
43,us,4,1,offset,12,1.4002391226276814,0.15715459594740233,1.19564788043499,1.2069652788341045,1.2535055816151726,1.4028742387890816,1.4936435967683792,1.6580346091650426,1.7166915684938433
43,us,4,1,gap,12,2.4268119082480553,1.0740955097567089,0.7273715734481812,1.1093342304229739,1.463914230465889,2.490393038096954,3.081138719804585,4.107588557898998,4.285806506872177
43,us,4,1,abs_gap,12,2.4268119082480553,1.0740955097567089,0.7273715734481812,1.1093342304229739,1.463914230465889,2.490393038096954,3.081138719804585,4.107588557898998,4.285806506872177
43,us,4,1,quality,12,0.2742900773882866,0.05609309188378017,0.2008876800537109,0.20843129009008404,0.22810592502355573,0.2608730345964432,0.30595294386148447,0.36576878428459164,0.3873263299465179
43,us,4,1,loss,12,0.12925565313772566,0.11082420015053773,0.013668674069628572,0.01651869796906964,0.04524324762749932,0.07963289690534725,0.2081220582693255,0.2962571360144087,0.3941866235060001
44,emg,-1,-1,logit0,85,0.08563563104938059,0.4868696726485692,-1.1340833902359009,-0.8273983120918273,-0.2156321108341217,-0.0331756584346294,0.4727872908115387,0.7692695140838622,1.1818406581878662
44,emg,-1,-1,logit1,85,0.7655041417216554,1.0983348487836355,-0.9284992218017578,-0.5049218535423279,-0.1842289268970489,0.4833931922912597,1.485754132270813,2.554577016830444,4.9132981300354
44,emg,-1,-1,offset,85,0.42556988638551796,0.6945600350331683,-0.9914417862892151,-0.3717580422759056,-0.15301814675331116,0.3103706166148185,0.9315838813781737,1.5261082589626311,2.560015060007572
44,emg,-1,-1,gap,85,0.6798685106722747,0.978319205236148,-1.2356479465961456,-0.29874587953090664,0.010134309530258179,0.47865626215934753,1.1285103559494019,2.17361860871315,4.706566140055656
44,emg,-1,-1,abs_gap,85,0.8341059337205746,0.8506450202462562,0.0070675909519195,0.028206631541252095,0.22214391827583313,0.5827153027057648,1.1694223880767822,2.17361860871315,4.706566140055656
44,emg,-1,-1,quality,85,0.12615608328624678,0.0878759349688041,-0.029631508514285,0.03326605707406996,0.0574438571929931,0.1049889847636222,0.1793162077665329,0.2733844697475432,0.4922293126583099
44,emg,-1,-1,loss,85,0.7582209496376444,0.651266880018413,0.01267594850531184,0.1316936119224783,0.37615040180974724,0.605394493020551,0.848967842675856,1.9217876539538592,4.715561313780311
44,emg,-1,0,logit0,35,0.08851488998958043,0.465425701280115,-0.9567722678184508,-0.5790078371763229,-0.22226324677467346,-0.0965477600693702,0.515772670507431,0.7675538480281828,0.9456151127815248
44,emg,-1,0,logit1,35,0.5784168784107481,1.1950463918295642,-0.5314056873321533,-0.5101283490657806,-0.34455452859401703,0.2161421775817871,1.267457365989685,2.343663406372069,4.9132981300354
44,emg,-1,0,offset,35,0.33346588420016426,0.7071454718396853,-0.39504121243953705,-0.3786469727754593,-0.26142119988799095,0.14566634595394137,0.7966576926410198,1.5654396861791606,2.560015060007572
44,emg,-1,0,gap,35,0.48990198842116767,1.135471290126003,-1.2356479465961456,-0.8779477089643478,-0.2221953570842743,0.010134309530258179,1.0460804402828217,2.163473634421825,4.706566140055656
44,emg,-1,0,abs_gap,35,0.8239729813167027,0.9221537480374344,0.0070675909519195,0.03557394593954087,0.22163985669612887,0.4317742884159088,1.1500135511159897,2.163473634421825,4.706566140055656
44,emg,-1,0,quality,35,0.1175345691719225,0.09412999015571664,0.0304261837154626,0.032371222600340824,0.04359283857047555,0.0969898030161857,0.1546464562416076,0.2538100287318228,0.4922293126583099
44,emg,-1,0,loss,35,1.2538662926052306,0.751495092065063,0.6966872198781429,0.7111269948028341,0.8100951408536432,0.932159153032492,1.4257605554123285,2.2723536723126974,4.715561313780311
44,emg,-1,1,logit0,50,0.08362014979124069,0.5013251531698547,-1.1340833902359009,-0.7983994752168655,-0.19422383978962893,0.023976529017090797,0.47260139882564545,0.7682345390319824,1.1818406581878662
44,emg,-1,1,logit1,50,0.8964652260392905,1.0047039248361196,-0.9284992218017578,-0.4139401644468307,0.14124820753931994,0.7276986539363861,1.513477087020874,2.5231414079666132,3.227620840072632
44,emg,-1,1,offset,50,0.49004268791526556,0.6782108402410886,-0.9914417862892151,-0.3227466467767954,-0.08880622871220113,0.41410112753510475,1.0173710063099861,1.521162849664688,1.8807830810546875
44,emg,-1,1,gap,50,0.8128450762480497,0.8256112864306477,-0.299111396074295,-0.1093875542283058,0.22128919698297977,0.5862737149000168,1.1591943800449371,2.1717957422137264,4.361704230308533
44,emg,-1,1,abs_gap,50,0.841199000403285,0.7967028027959239,0.01825180649757388,0.056820581108331665,0.24182714894413945,0.5862737149000168,1.1591943800449371,2.1717957422137264,4.361704230308533
44,emg,-1,1,quality,50,0.13219114316627378,0.08268575496963096,-0.029631508514285,0.037864879518747306,0.06671229377388953,0.1170769967138767,0.1815070807933807,0.26979566961526863,0.3240296840667724
44,emg,-1,1,loss,50,0.411269209560334,0.18273094371275278,0.01267594850531184,0.10793329974187756,0.2729057696560872,0.44237480858042266,0.5795495909334296,0.6653084605116928,0.6840629177882318
44,emg,0,-1,logit0,17,-0.0764818329583196,0.41730543625666344,-1.0543843507766724,-0.7985584974288941,-0.3699312210083008,0.081128716468811,0.2605328261852264,0.38631274700164786,0.405252456665039
44,emg,0,-1,logit1,17,0.6615181065657559,0.9911025915572761,-0.9284992218017578,-0.6251772403717041,-0.1665362864732742,0.4073528349399566,1.4356584548950195,2.4334512233734134,2.4539830684661865
44,emg,0,-1,offset,17,0.2925181368037182,0.6840529928201968,-0.9914417862892151,-0.7118678689002991,-0.19220107048749918,0.20437987148761744,0.8721245527267456,1.3590965241193773,1.4177804440259933
44,emg,0,-1,gap,17,0.7379999395240756,0.6641854863641278,-0.01825180649757388,0.015260940790176343,0.1852552890777588,0.5471028536558151,1.1285103559494019,2.0914812862873076,2.1677854359149937
44,emg,0,-1,abs_gap,17,0.7401472108767313,0.6617917929875585,0.01825180649757388,0.022561663389205892,0.1852552890777588,0.5471028536558151,1.1285103559494019,2.0914812862873076,2.1677854359149937
44,emg,0,-1,quality,17,0.10964026932111555,0.08156410250994596,-0.029631508514285,-0.0014897752553224381,0.0514861159026622,0.0897568687796592,0.1716302186250686,0.2543839871883392,0.2572550475597381
44,emg,0,-1,loss,17,0.6003180993884988,0.38201212623762804,0.10834373709741874,0.11652258369232653,0.2806437438084166,0.5904716651473202,0.6813974661718422,1.2442911144465134,1.6739192041199944
44,emg,0,0,logit0,3,0.03846856455008187,0.36541154474849113,-0.460186094045639,-0.3971335515379905,-0.1449233815073967,0.1703393310308456,0.2877958938479423,0.38176114410161965,0.405252456665039
44,emg,0,0,logit1,3,0.9820091625054675,0.7024670393571428,0.1541498005390167,0.23077068030834194,0.537254199385643,0.9203585982322692,1.395938843488693,1.776403039693832,1.8715190887451167
44,emg,0,0,offset,3,0.5102388635277747,0.527797663376008,-0.15301814675331116,-0.0831814356148243,0.1961654089391231,0.5453489646315574,0.8418673686683176,1.0790820918977257,1.138385772705078
44,emg,0,0,gap,3,0.9435405979553857,0.37375069628917235,0.6143358945846557,0.6279042318463325,0.6821775808930397,0.7500192672014236,1.1081429496407507,1.3946418955922122,1.4662666320800777
44,emg,0,0,abs_gap,3,0.9435405979553857,0.37375069628917235,0.6143358945846557,0.6279042318463325,0.6821775808930397,0.7500192672014236,1.1081429496407507,1.3946418955922122,1.4662666320800777
44,emg,0,0,quality,3,0.13243255391716954,0.060946738222123174,0.0586581490933895,0.06586456857621667,0.09469024650752539,0.1307223439216613,0.16931975632905955,0.20019768625497814,0.2079171687364578
44,emg,0,0,loss,3,1.2858569280422134,0.2768567597963019,1.0467674879785025,1.0557791483834666,1.091825790003323,1.1368840920281436,1.405401648074069,1.6202156929108094,1.6739192041199944
44,emg,0,1,logit0,14,-0.10111406099583421,0.4235675890758545,-1.0543843507766724,-0.8465258449316024,-0.360484354197979,0.011206867173314095,0.24877606332302088,0.3631944313645363,0.3815778195858001
44,emg,0,1,logit1,14,0.592841451721532,1.0297114631573259,-0.9284992218017578,-0.6820501118898392,-0.17980576679110521,0.30130340158939356,1.3791536092758179,2.4373009443283085,2.4539830684661865
44,emg,0,1,offset,14,0.24586369536284888,0.7043940388299847,-0.9914417862892151,-0.7642879784107208,-0.2416900228708982,0.18934939894825217,0.8154393881559372,1.3700997591018678,1.4177804440259933
44,emg,0,1,gap,14,0.6939555127173662,0.7033822232537537,-0.01825180649757388,0.008977300673723177,0.15724994242191315,0.4107640590518713,1.1281497180461884,2.1057883143424987,2.1677854359149937
44,emg,0,1,abs_gap,14,0.6965629136455911,0.7008001947443941,0.01825180649757388,0.02175356522202489,0.15724994242191315,0.4107640590518713,1.1281497180461884,2.1057883143424987,2.1677854359149937
44,emg,0,1,quality,14,0.10475620833624684,0.08454078127295181,-0.029631508514285,-0.0067663502413779185,0.0456985151395201,0.08959724754095069,0.1659709140658378,0.2549223110079765,0.2572550475597381
44,emg,0,1,loss,14,0.4534169218198457,0.19619717876391024,0.10834373709741874,0.11498904995578133,0.2803791408678264,0.5090760001441882,0.6176424342812054,0.6823303742375786,0.6840629177882318
44,emg,1,-1,logit0,17,-0.2570726678651922,0.16455562956742403,-0.8505973815917969,-0.46445758342742915,-0.2865073680877685,-0.1955733150243759,-0.1529469937086105,-0.14469226598739623,-0.1328639984130859
44,emg,1,-1,logit1,17,-0.18101838253000202,0.45757239067263195,-0.5314056873321533,-0.5218788146972656,-0.4097914397716522,-0.2854912579059601,-0.2431320399045944,0.4254720568656911,1.485754132270813
44,emg,1,-1,offset,17,-0.21904552519759712,0.1543423125066272,-0.37419573962688446,-0.3644449502229691,-0.2971843555569649,-0.26225293427705765,-0.2065099999308586,-0.008344453573227231,0.31757837533950806
44,emg,1,-1,gap,17,0.07605428533519014,0.6145045957003288,-0.33879686892032623,-0.30704849064350126,-0.2568444460630417,-0.09443701803684232,0.019160374999046298,0.8676330208778369,2.33635151386261
44,emg,1,-1,abs_gap,17,0.33537862734759555,0.5205010362843803,0.0070675909519195,0.009520965814590443,0.09443701803684232,0.25545093417167664,0.299111396074295,0.8676330208778369,2.33635151386261
44,emg,1,-1,quality,17,0.0515216181383413,0.02774636360677744,0.0329470783472061,0.03422299325466154,0.0406969562172889,0.0434561558067798,0.0488368459045887,0.08230541944503776,0.1578041315078735
44,emg,1,-1,loss,17,0.6674438964738101,0.18799298083613616,0.09228718806920555,0.39758210344497474,0.594755356875903,0.6982271732988433,0.8290074627995428,0.8576017685125618,0.8768254295025877
44,emg,1,0,logit0,10,-0.204096320271492,0.060600907174017504,-0.321629136800766,-0.3058243408799171,-0.23648455366492271,-0.19145746529102325,-0.14964358508586878,-0.13951739892363546,-0.1328639984130859
44,emg,1,0,logit1,10,-0.3721375077962875,0.09643944925533078,-0.5314056873321533,-0.526046821475029,-0.43681755661964417,-0.3499048799276352,-0.2849301621317863,-0.27170176655054096,-0.2653706669807434
44,emg,1,0,offset,10,-0.2881169140338898,0.04947589974391082,-0.37419573962688446,-0.368710920587182,-0.3117175754159689,-0.2821713946759701,-0.2610053326934576,-0.22046657949686052,-0.2065099999308586
44,emg,1,0,gap,10,-0.16804118752479552,0.12710081047771785,-0.33879686892032623,-0.3201159939169884,-0.2821631468832493,-0.18658613413572311,-0.05846673995256423,0.00875428617000577,0.010134309530258179
44,emg,1,0,abs_gap,10,0.17148156762123107,0.12241947841336935,0.0070675909519195,0.008447614312171906,0.05846673995256423,0.18658613413572311,0.2821631468832493,0.32011599391698836,0.33879686892032623
44,emg,1,0,quality,10,0.04105601683259007,0.004646857316186822,0.0329470783472061,0.033664780482649787,0.0384190902113914,0.041509071364998804,0.043831047601997825,0.04741342775523658,0.0488368459045887
44,emg,1,0,loss,10,0.7844178648063872,0.06628017715542425,0.6966872198781429,0.6973801989174581,0.7228616346414343,0.7913733000600951,0.8441741245628149,0.8660121201956981,0.8768254295025877
44,emg,1,1,logit0,7,-0.33275316442762104,0.2253419757718277,-0.8505973815917969,-0.705794957280159,-0.3539872467517853,-0.2622924149036407,-0.17788358032703394,-0.1549066439270973,-0.152640700340271
44,emg,1,1,logit1,7,0.09200893927897727,0.6070130703074155,-0.451752096414566,-0.42654414176940914,-0.3054288104176521,-0.0201064236462116,0.12051229178905484,1.0881483539938916,1.485754132270813
44,emg,1,1,offset,7,-0.12037211257432189,0.19443104899191924,-0.3021963983774185,-0.2907253928482532,-0.2583359703421592,-0.14364979416131973,-0.09883251506835222,0.19535731449723215,0.31757837533950806
44,emg,1,1,gap,7,0.4247621037065983,0.8290199128423758,-0.299111396074295,-0.27163749784231184,-0.09418568015098575,0.1754668913781643,0.47449953854084015,1.7855820789933192,2.33635151386261
44,emg,1,1,abs_gap,7,0.5695172840995448,0.7371206982213384,0.019160374999046298,0.0660523299127817,0.19149931333959103,0.299111396074295,0.47449953854084015,1.7855820789933192,2.33635151386261
44,emg,1,1,quality,7,0.06647247714655737,0.03819445276874503,0.040209274739027,0.04118333905935284,0.043752118945121696,0.0574438571929931,0.06117291934788226,0.12949211448431006,0.1578041315078735
44,emg,1,1,loss,7,0.5003382274272714,0.17911420556148716,0.09228718806920555,0.206772781335119,0.48386064255628985,0.5547334930371663,0.6020063717086048,0.6613062336107088,0.6836128823547384
44,emg,2,-1,logit0,17,0.2676091744180988,0.40019432932817944,-0.2839692533016205,-0.2791216790676117,-0.0691219791769981,0.2303436845541,0.4905709326267242,0.9928602218627929,1.1818406581878662
44,emg,2,-1,logit1,17,0.9434132190311656,1.2709660081346346,-0.5061131715774536,-0.5013478994369507,0.144754558801651,0.7878708839416504,1.1591675281524658,3.0464400291442857,4.9132981300354
44,emg,2,-1,offset,17,0.6055111967246322,0.7204451713276224,-0.39504121243953705,-0.39023478925228117,0.22997094318270686,0.5290511548519135,0.7136886864900589,2.0166294768452637,2.560015060007572
44,emg,2,-1,gap,17,0.6758040446130669,1.2144361698183606,-1.2356479465961456,-0.42492702603340143,0.1972381100058555,0.47865626215934753,0.8909576833248138,2.3803619116544703,4.706566140055656
44,emg,2,-1,abs_gap,17,0.8994716276579043,1.0594890789040299,0.1972381100058555,0.2163562580943108,0.2338195666670799,0.5898321270942688,1.1258499436080456,2.3803619116544703,4.706566140055656
44,emg,2,-1,quality,17,0.14702555175651516,0.1048433625957735,0.0304261837154626,0.03090728409588332,0.0975504219532013,0.128575250506401,0.1502943485975265,0.3224908053874968,0.4922293126583099
44,emg,2,-1,loss,17,1.00791902825401,1.0219176330866566,0.2208361766301845,0.26892075102790275,0.4821887342503386,0.8098152938081831,1.0720519827353425,2.5046780489314333,4.715561313780311
44,emg,2,0,logit0,9,0.23187112891011769,0.4005850098935541,-0.2839692533016205,-0.28154546618461607,-0.0965477600693702,0.2067319899797439,0.5856090784072876,0.823216688632965,0.9456151127815248
44,emg,2,0,logit1,9,0.9293300476339128,1.6117694474154294,-0.5061131715774536,-0.5037305355072021,-0.2900328338146209,0.4833931922912597,1.2594542503356934,3.75964069366455,4.9132981300354
44,emg,2,0,offset,9,0.5806005882720152,0.8492587967225746,-0.39504121243953705,-0.3926380008459091,0.22997094318270686,0.32779113948345195,0.9225316643714905,1.987908680737018,2.560015060007572
44,emg,2,0,gap,9,0.6974589187237952,1.6222133609065779,-1.2356479465961456,-0.8302874863147736,-0.22214391827583313,0.3460451513528824,0.6738451719284058,3.543464025855063,4.706566140055656
44,emg,2,0,abs_gap,9,1.1199421311418216,1.365194035477996,0.22113579511642462,0.221539044380188,0.22224679589271545,0.6530374065041541,1.2356479465961456,3.543464025855063,4.706566140055656
44,emg,2,0,quality,9,0.1534833293408155,0.132126643855681,0.0304261837154626,0.030666733905672962,0.0975504219532013,0.1200758218765258,0.1671394854784011,0.38262963294982894,0.4922293126583099
44,emg,2,0,loss,9,1.514203763654245,1.188257597272169,0.8098152938081831,0.8100391714445512,0.8104321180435194,1.0720519827353425,1.4907911077030285,3.6101196813558722,4.715561313780311
44,emg,2,1,logit0,8,0.30781447561457753,0.39591693706849557,-0.0890650078654289,-0.08208494782447812,-0.0523654734715819,0.26151372492313385,0.47667552530765533,0.9398962542414662,1.1818406581878662
44,emg,2,1,logit1,8,0.959256786853075,0.7138827074523588,0.1281161308288574,0.13393958061933517,0.6270918026566505,0.8976748585700989,1.0990943610668182,2.082530212402343,2.579725503921509
44,emg,2,1,offset,8,0.6335356312338263,0.5385940994459566,0.027844775468111052,0.028423080593347562,0.3944830191321671,0.5944772884249687,0.7119510620832443,1.472300042957067,1.8807830810546875
44,emg,2,1,gap,8,0.6514423112384975,0.4152385655047157,0.1972381100058555,0.21004161983728403,0.28142985515296465,0.5342441946268082,0.9496807483956218,1.3026726299896836,1.3978848457336426
44,emg,2,1,abs_gap,8,0.6514423112384975,0.4152385655047157,0.1972381100058555,0.21004161983728403,0.28142985515296465,0.5342441946268082,0.9496807483956218,1.3026726299896836,1.3978848457336426
44,emg,2,1,quality,8,0.1397605519741773,0.06015771315972603,0.0727499276399612,0.07276081740856168,0.11462669819593425,0.13516939431428904,0.1450402475893497,0.2346395380795001,0.2800561785697937
44,emg,2,1,loss,8,0.4383487009287461,0.13395895393006368,0.2208361766301845,0.24187317792918625,0.3280674532161122,0.4616457222603496,0.5623928299033556,0.5936685718032203,0.5993831224791549
44,emg,3,-1,logit0,17,0.6524921112200793,0.1265314603040112,0.3086272776126861,0.40091422200202936,0.6205120086669922,0.6875777840614319,0.7528072595596313,0.7767654299736023,0.8019625544548035
44,emg,3,-1,logit1,17,1.7700777825187235,0.7609173824874333,-0.3816988468170166,0.567263698577881,1.4630138874053955,2.0479090213775635,2.25054669380188,2.6584311962127685,2.7639272212982178
44,emg,3,-1,offset,17,1.2112849468694014,0.4281699214870514,0.02114355564117429,0.4842166543006897,1.0438257157802582,1.4090032577514648,1.510506421327591,1.6795974612236022,1.6924322247505188
44,emg,3,-1,gap,17,1.117585671298644,0.675790662980389,-0.8056848049163818,-0.034329414367675726,0.8383763432502747,1.2778115272521973,1.5385791659355164,1.9384153246879576,2.175076901912689
44,emg,3,-1,abs_gap,17,1.2123721189358656,0.48563834083654717,0.15850943326950073,0.497874128818512,0.8383763432502747,1.2778115272521973,1.5385791659355164,1.9384153246879576,2.175076901912689
44,emg,3,-1,quality,17,0.2098904313410029,0.05342158466868004,0.0793327689170837,0.12266571521759026,0.18223737180233,0.2293711155653,0.2455623596906662,0.27936396002769465,0.287152498960495
44,emg,3,-1,loss,17,0.6551808055645387,0.5895847382943684,0.10759748736007113,0.1688786000705563,0.20507680940674966,0.3593597663208039,1.1750264902396332,1.7122447218867134,2.021360939272361
44,emg,3,0,logit0,6,0.6571314930915833,0.1198951425541561,0.4239859580993652,0.47560459375381464,0.6343441009521484,0.6667863428592682,0.7364998906850815,0.7896737307310104,0.8019625544548035
44,emg,3,0,logit1,6,1.447521318991979,0.9913418706640811,-0.3816988468170166,-0.08514805138111115,1.017938807606697,1.7050995826721191,2.103038787841797,2.529059410095215,2.6320571899414062
44,emg,3,0,offset,6,1.0523264060417812,0.5518080005996435,0.02114355564117429,0.19717007130384442,0.8300250545144081,1.1820593625307083,1.4382025748491287,1.6470777466893196,1.6924322247505188
44,emg,3,0,gap,6,0.7903898259003957,0.8810782152434468,-0.8056848049163818,-0.5646362453699112,0.375827506184578,1.0460804402828217,1.3296724259853363,1.7639633268117905,1.879249930381775
44,emg,3,0,abs_gap,6,1.0589514275391896,0.5288069329879739,0.15850943326950073,0.320303276181221,0.8612090349197388,1.0460804402828217,1.3296724259853363,1.7639633268117905,1.879249930381775
44,emg,3,0,quality,6,0.19063956538836158,0.06496120294715403,0.0793327689170837,0.0950379334390163,0.1557177640497684,0.20062077045440668,0.23397731408476824,0.26898582652211184,0.2774168252944946
44,emg,3,0,loss,6,1.3835449458726778,0.38431383991509405,0.7755392698412122,0.8754110749408175,1.2146816939849576,1.3471886541712794,1.5664067514356335,1.924762121339346,2.021360939272361
44,emg,3,1,logit0,11,0.6499615392901681,0.12993876929423728,0.3086272776126861,0.43278224766254425,0.6046811640262604,0.7033275961875916,0.7483630478382111,0.7702818214893341,0.770466148853302
44,emg,3,1,logit1,11,1.9460176717151294,0.5206296816559767,0.8913425803184509,1.0987865626811981,1.5754129886627197,2.133457899093628,2.2677658796310425,2.5464611053466797,2.7639272212982178
44,emg,3,1,offset,11,1.2979896055026487,0.30974288293872954,0.5999849289655685,0.7657844051718712,1.0989938825368881,1.4497077465057373,1.5023313760757446,1.6031352579593658,1.6763887703418732
44,emg,3,1,gap,11,1.2960561324249615,0.4383104884086477,0.5827153027057648,0.6660043150186538,0.9528382122516632,1.3675003051757812,1.560118317604065,1.8866516947746277,2.175076901912689
44,emg,3,1,abs_gap,11,1.2960561324249615,0.4383104884086477,0.5827153027057648,0.6660043150186538,0.9528382122516632,1.3675003051757812,1.560118317604065,1.8866516947746277,2.175076901912689
44,emg,3,1,quality,11,0.22039090367880734,0.04238303215656196,0.1334989517927169,0.15141589939594263,0.1902894228696823,0.2360388785600662,0.2463807091116905,0.2692359387874603,0.287152498960495
44,emg,3,1,loss,11,0.25789127448737204,0.09717622443160626,0.10759748736007113,0.14589818280412437,0.19074554781123854,0.22693072607161735,0.3274811434711469,0.4153723415308056,0.4436469068904847
44,emg,4,-1,logit0,17,-0.15836862956776337,0.5001125149620076,-1.1340833902359009,-0.9922344923019408,-0.5081357359886169,-0.0995449647307396,0.1066662594676017,0.5120192170143126,0.6689469218254089
44,emg,4,-1,logit1,17,0.6335299830226337,0.8250669677058582,-0.3776142299175262,-0.1561891615390777,0.2161421775817871,0.336636871099472,0.734454333782196,2.1935789585113517,3.227620840072632
44,emg,4,-1,offset,17,0.23758067672743516,0.3156717710721629,-0.12382820248603821,-0.09336518645286562,0.0022750794887542447,0.15934410691261297,0.35208174586296076,0.9038063585758208,1.0467687249183655
44,emg,4,-1,gap,17,0.7918986125903971,1.2095872806187173,-1.0465611517429352,-0.37531155347824086,0.09737569093704224,0.4618643932044505,0.8554871678352356,2.658127045631407,4.361704230308533
44,emg,4,-1,abs_gap,17,0.9831600837847766,1.0600004960892664,0.09737569093704224,0.16663767099380494,0.2658498957753181,0.7228738889098166,1.0465611517429352,2.658127045631407,4.361704230308533
44,emg,4,-1,quality,17,0.112702545874259,0.062219698701665965,0.0658140555024147,0.06868841797113415,0.071652702987194,0.0969898030161857,0.1110604777932167,0.22856062650680528,0.3240296840667724
44,emg,4,-1,loss,17,0.8602429185073642,0.6565010584759084,0.01267594850531184,0.2859153383447146,0.3956540649866913,0.605394493020551,0.932159153032492,2.2635260417308767,2.3341470863854443
44,emg,4,0,logit0,7,-0.1437214942915099,0.5666695663591286,-0.9567722678184508,-0.9266181588172911,-0.5359453409910202,-0.1989369541406631,0.27630126103758806,0.6020437240600585,0.6689469218254089
44,emg,4,0,logit1,7,0.5672628560236522,0.7530156635769668,-0.3776142299175262,-0.294579829275608,0.057654641568660764,0.2582272291183471,1.0199246108531952,1.7371860861778254,1.9350684881210327
44,emg,4,0,offset,7,0.21177068086607115,0.29575564237220403,-0.04593491554260254,-0.03207793086767197,0.0015858579427003791,0.14566634595394137,0.25571292638778687,0.7132705606520172,0.8680657669901848
44,emg,4,0,gap,7,0.7109843503151622,1.194323395935885,-1.0465611517429352,-0.7948425523936749,-0.1976040937006473,0.4317742884159088,1.877326376736164,2.202764557301998,2.2322327494621277
44,emg,4,0,abs_gap,7,1.1229184472135134,0.8191222627791834,0.1877090334892273,0.1936460696160793,0.31963672116398806,1.0465611517429352,1.877326376736164,2.202764557301998,2.2322327494621277
44,emg,4,0,quality,7,0.1115235335060528,0.043448411447163576,0.0701436251401901,0.07059634849429126,0.08306888863444326,0.0969898030161857,0.12135008350014684,0.18460659831762305,0.2046933621168136
44,emg,4,0,loss,7,1.4649238944097558,0.6174622924468209,0.7913995815533126,0.7946604422583489,0.8672141351346294,1.3475122032006088,2.0234900597298333,2.3076641946399814,2.3341470863854443
44,emg,4,1,logit0,10,-0.16862162426114083,0.4473878829941288,-1.1340833902359009,-0.8719531685113906,-0.414984118193388,-0.08409156650304789,-0.03721880167722697,0.4494936600327491,0.4727872908115387
44,emg,4,1,logit1,10,0.6799169719219208,0.8689659683213512,0.1400794237852096,0.15188090205192561,0.2926044389605522,0.38266280293464655,0.6202766299247742,2.105695912241933,3.227620840072632
44,emg,4,1,offset,10,0.25564767383039,0.3276889202991946,-0.12382820248603821,-0.10669275596737862,0.010051305405795546,0.245277657173574,0.3712462936528027,0.7870929792523378,1.0467687249183655
44,emg,4,1,gap,10,0.8485385961830616,1.2169615564814922,-0.1839531660079956,-0.05735518038272858,0.26828959397971625,0.5923691410571336,0.8295300966128707,2.7839065521955453,4.361704230308533
44,emg,4,1,abs_gap,10,0.8853292293846607,1.1904643357796738,0.09737569093704224,0.13633555471897124,0.26828959397971625,0.5923691410571336,0.8295300966128707,2.7839065521955453,4.361704230308533
44,emg,4,1,quality,10,0.11352785453200336,0.07251279361258489,0.0658140555024147,0.06743088439106938,0.07124995253980156,0.09836123511195174,0.11024990305304526,0.23059828244149658,0.3240296840667724
44,emg,4,1,loss,10,0.43696623537568985,0.17520531240422335,0.01267594850531184,0.1663731052899759,0.3621124927490098,0.4421501004800916,0.5679751330332622,0.6275317880024676,0.6456441202603993
44,table,-1,-1,logit0,85,-0.6585633249843822,2.6133922851327394,-4.385735988616943,-3.7929011821746825,-2.9814469814300537,-1.3618104457855225,1.614000678062439,4.012311077117919,5.232405185699463
44,table,-1,-1,logit1,85,2.082165420406005,3.138420450123631,-4.564615726470947,-3.198287916183472,-0.2984794378280639,2.64295506477356,4.49420976638794,6.246108818054199,7.287160873413086
44,table,-1,-1,offset,85,0.7118010477108114,0.3423150605092089,0.10367226600646995,0.21756727993488303,0.4753687381744385,0.6534107029438021,0.967483639717102,1.3571696043014525,1.6011042594909668
44,table,-1,-1,gap,85,2.740728745390387,5.735005310623991,-9.79702091217041,-7.101759529113769,-1.8881196975708006,4.014408588409424,7.5985236167907715,10.013861799240113,11.372113227844238
44,table,-1,-1,abs_gap,85,5.5678113169529855,3.066163255194479,0.28790995478630066,0.6277764320373536,2.5180418491363525,6.3034257888793945,8.00583553314209,10.013861799240113,11.372113227844238
44,table,-1,-1,quality,85,0.35662163653794454,0.16529520453446583,0.1187748685479164,0.12543277144432063,0.1987246870994568,0.3559519648551941,0.4922365844249725,0.6246180295944214,0.7287172675132751
44,table,-1,-1,loss,85,0.6884679959645937,1.6796283836799004,1.1512018470938301e-05,4.477427308202664e-05,0.00034161207331884214,0.002337816531717163,0.25562539631157666,3.270041915531405,9.459141744910376
44,table,-1,0,logit0,17,1.0306024376083822,1.7678255380741112,-3.2060811519622803,-2.2956883907318115,0.258039116859436,1.0801887512207031,1.9771572351455688,3.6957808494567868,4.244987964630127
44,table,-1,0,logit1,17,0.17106667511603413,2.165071055942467,-3.3090507984161377,-3.193972444534302,-0.9635486006736756,-0.1617253720760345,1.1488637924194336,3.6159026145935034,6.2529826164245605
44,table,-1,0,offset,17,0.6008345563622082,0.3004939653921914,0.12471413612365723,0.3183473110198975,0.432858407497406,0.5398925542831421,0.6905389130115509,1.1246783018112179,1.5234507322311401
44,table,-1,0,gap,17,-0.8595357624923482,3.9069544568301793,-7.41019082069397,-6.976062059402466,-3.0923655033111572,-1.378668189048767,1.1428098678588867,5.911591005325314,9.45906376838684
44,table,-1,0,abs_gap,17,3.0897919132429013,2.5409212478168777,0.32916778326034546,0.3381458640098572,1.378668189048767,2.2068746089935303,3.2339186072349553,7.819965410232543,9.45906376838684
44,table,-1,0,quality,17,0.23026972132570603,0.12729708446239996,0.1239472776651382,0.12917843163013454,0.142567828297615,0.1881041824817657,0.2309016436338424,0.4647086739540099,0.6253060698509216
44,table,-1,0,loss,17,3.2467585470485236,2.422422028891039,0.8712142929640858,0.8764478095629138,1.6033416345545488,2.3112743012568915,3.2725649167994733,7.820464903340729,9.459141744910376
44,table,-1,1,logit0,68,-1.0808547656325733,2.6199851063505633,-4.385735988616943,-3.8016013145446776,-3.075816094875336,-2.25641667842865,0.6496092528104782,3.9546400785446165,5.232405185699463
44,table,-1,1,logit1,68,2.5599401067284977,3.162100129410837,-4.564615726470947,-3.1901622772216798,0.33925850689411163,3.770263433456421,5.006091833114624,6.280502343177795,7.287160873413086
44,table,-1,1,offset,68,0.7395426705479622,0.34648572382827636,0.10367226600646995,0.2324866317212581,0.4936589784920217,0.6928849220275879,0.988858550786972,1.3490796864032744,1.6011042594909668
44,table,-1,1,gap,68,3.640794872361071,5.765950827449918,-9.79702091217041,-6.993707990646362,-0.3103507459163666,5.979279518127441,8.085261106491089,10.066056454181671,11.372113227844238
44,table,-1,1,abs_gap,68,6.187316167880507,2.8668266229169723,0.28790995478630066,1.0271721564233303,4.04639795422554,6.749607682228088,8.221916437149048,10.066056454181671,11.372113227844238
44,table,-1,1,quality,68,0.3882096153410042,0.15847079178872064,0.1187748685479164,0.1301102004945278,0.2632165774703026,0.41131219267845154,0.5048103481531143,0.6280547559261321,0.7287172675132751
44,table,-1,1,loss,68,0.04889535819361136,0.11891790293364772,1.1512018470938301e-05,4.2526125325093035e-05,0.0002696411513711805,0.0011731472184228764,0.017337036506151482,0.30821719597577535,0.5595181304365218
44,table,0,-1,logit0,17,-0.6737941433401669,2.1185678797676197,-2.8065998554229736,-2.722905969619751,-2.439427614212036,-1.48669695854187,0.9567096829414368,3.507697248458862,3.558479070663452
44,table,0,-1,logit1,17,1.725789618842742,2.527737043834574,-3.3090507984161377,-3.1895788669586183,-0.1617253720760345,2.64295506477356,3.925359964370728,4.2970562934875485,4.49420976638794
44,table,0,-1,offset,17,0.5259977377512876,0.22179572525066377,0.12471413612365723,0.15905919075012206,0.3908546566963196,0.5694119334220886,0.7266972064971924,0.8410057306289673,0.8438049554824834
44,table,0,-1,gap,17,2.399583762182909,4.64314499805416,-6.86752986907959,-6.6972761154174805,-1.1184350550174713,4.014408588409424,6.3034257888793945,6.990486097335816,7.300809621810914
44,table,0,-1,abs_gap,17,4.7615139817490295,2.1551757019546565,1.1184350550174713,1.1379349052906036,4.004765510559082,5.094714283943176,6.654712677001953,6.990486097335816,7.300809621810914
44,table,0,-1,quality,17,0.29668789050158334,0.10805821312379973,0.1239472776651382,0.12917843163013454,0.224335715174675,0.3122879564762115,0.3927188217639923,0.4298068642616271,0.4494884610176086
44,table,0,-1,loss,17,0.9737809407155257,1.924259054086438,0.0006747643609266163,0.0009304478741384514,0.0015848558224980103,0.01715184966984218,1.4011981523465424,5.39873384437236,6.8685703729773016
44,table,0,0,logit0,5,0.706668245792389,1.8179663435324747,-2.0680902004241943,-1.653261375427246,0.0060539245605468,0.9567096829414368,1.0801887512207031,3.062821006774902,3.558479070663452
44,table,0,0,logit1,5,0.06724815964698791,2.0544593016607435,-3.3090507984161377,-2.7069365262985228,-0.2984794378280639,-0.1617253720760345,1.1488637924194336,2.59507884979248,2.956632614135742
44,table,0,0,offset,5,0.3869582027196884,0.1472911248311952,0.12471413612365723,0.1779422402381897,0.3908546566963196,0.3974921554327011,0.4442712068557739,0.550821328163147,0.5774588584899902
44,table,0,0,gap,5,-0.639420086145401,3.8684403310608553,-6.86752986907959,-5.769757533073426,-1.378668189048767,-1.1184350550174713,1.1428098678588867,4.248340225219726,5.0247228145599365
44,table,0,0,abs_gap,5,3.1064331591129304,2.3924384358867146,1.1184350550174713,1.1233100175857544,1.1428098678588867,1.378668189048767,5.0247228145599365,6.498968458175659,6.86752986907959
44,table,0,0,quality,5,0.2098543524742126,0.09698181116242319,0.1239472776651382,0.1252550661563873,0.1304862201213836,0.142567828297615,0.2963184714317322,0.3440252661705017,0.3559519648551941
44,table,0,0,loss,5,3.2648018397454193,2.2691726607880756,1.4011981523465424,1.4048833872027493,1.4196243266275772,1.6033416345545488,5.031274712221125,6.501111240826066,6.8685703729773016
44,table,0,1,logit0,12,-1.2489868054787319,1.963798578585296,-2.8065998554229736,-2.749060308933258,-2.5141921043395996,-2.1780055165290833,-1.1445645540952682,2.797163748741149,3.495001792907715
44,table,0,1,logit1,12,2.4168485601743064,2.381039060161219,-3.1597108840942383,-2.428840547800064,2.208325296640396,3.371862053871155,4.0151795744895935,4.358666753768921,4.49420976638794
44,table,0,1,offset,12,0.5839308773477873,0.2219006010262355,0.16764545440673828,0.18416160047054284,0.4850479289889336,0.6171680092811586,0.759264349937439,0.8418804883956911,0.8438049554824834
44,table,0,1,gap,12,3.665835365653038,4.34220499511376,-6.654712677001953,-5.226004296541214,3.4393224269151688,5.580548465251923,6.538582980632782,7.087462198734284,7.300809621810914
44,table,0,1,abs_gap,12,5.4511309911807375,1.6056973764231959,1.7429931759834287,2.9869679600000385,4.04639795422554,6.184904217720032,6.694765508174896,7.087462198734284,7.300809621810914
44,table,0,1,quality,12,0.3328685313463211,0.09039988745519373,0.1411430984735489,0.18689903765916824,0.2632165774703026,0.35627804696559906,0.40166167914867396,0.4359573632478713,0.4494884610176086
44,table,0,1,loss,12,0.019188899453069952,0.04337935258988835,0.0006747643609266163,0.000850546776259753,0.0012395008516833395,0.0020726074862913446,0.017337036506151482,0.0825044946587485,0.16126459238811575
44,table,1,-1,logit0,17,-0.6532872678602443,2.426099633078603,-4.084952354431152,-3.8547203063964846,-2.983450412750244,0.1843516081571579,1.1981489658355713,2.5765695571899405,3.5040531158447266
44,table,1,-1,logit1,17,2.5556805835050693,2.9724085410025762,-2.5533156394958496,-1.2815020084381104,0.2820808887481689,1.7919312715530396,5.120031833648682,6.862713241577148,7.287160873413086
44,table,1,-1,offset,17,0.9511966578224126,0.2946732368389777,0.4753687381744385,0.6178023099899294,0.6999277174472809,0.967483639717102,1.0774177312850952,1.5125186920166014,1.6011042594909668
44,table,1,-1,gap,17,3.2089678513653137,5.3939794829477945,-6.057368755340576,-3.843107271194458,-0.9160680770874023,1.5338921546936035,8.103482246398926,10.700389099121093,11.372113227844238
44,table,1,-1,abs_gap,17,5.09774140487699,3.6613552002722503,0.32916778326034546,0.3381458640098572,1.5338921546936035,5.892176389694214,8.103482246398926,10.700389099121093,11.372113227844238
44,table,1,-1,quality,17,0.36230771155918345,0.19369025834970005,0.1397169381380081,0.140303149819374,0.1881041824817657,0.3506391048431396,0.5120334029197693,0.68627370595932,0.7287172675132751
44,table,1,-1,loss,17,0.5539208057030637,0.9174860609903169,1.1512018470938301e-05,2.3627734617548412e-05,0.00030243823918230106,0.0027571567733035707,0.8712142929640858,2.277761138982299,3.2725649167994733
44,table,1,0,logit0,5,1.1981528997421265,0.7147610157097034,0.258039116859436,0.3774558544158935,0.8551228046417236,0.867131233215332,1.740101337432861,2.164316272735596,2.2703700065612797
44,table,1,0,logit1,5,0.34661203622817993,0.9071646059031605,-0.9635486006736756,-0.8004425525665284,-0.1480183601379394,0.5259550213813782,0.5267408490180969,1.538893187046051,1.7919312715530396
44,table,1,0,offset,5,0.7723824679851532,0.1348426477402531,0.6534107029438021,0.6608363449573519,0.6905389130115509,0.6969360411167145,0.7960414886474608,0.9791964530944823,1.0249851942062378
44,table,1,0,gap,5,-0.8515408635139465,1.6108791714356476,-3.2339186072349553,-2.964758825302124,-1.8881196975708006,-0.3403903841972351,-0.32916778326034546,1.1612801671028135,1.5338921546936035
44,table,1,0,abs_gap,5,1.465097725391388,1.0833015287777719,0.32916778326034546,0.3314123034477234,0.3403903841972351,1.5338921546936035,1.8881196975708006,2.964758825302124,3.2339186072349553
44,table,1,0,quality,5,0.1795794308185577,0.03519470329316345,0.1397169381380081,0.13986349105834958,0.1404497027397155,0.1881041824817657,0.1987246870994568,0.2244662523269653,0.2309016436338424
44,table,1,0,loss,5,1.7559606556945486,0.8864994953772247,0.8712142929640858,0.8725226721137929,0.8777561887126208,1.7292076854685567,2.0290601945280065,3.02386397234518,3.2725649167994733
44,table,1,1,logit0,12,-1.4247206710278988,2.470263588134996,-4.084952354431152,-3.9266678214073183,-3.2237883806228638,-2.3340542316436768,0.43780094757676125,2.866408169269561,3.5040531158447266
44,table,1,1,logit1,12,3.476125811537107,3.0484603044144185,-2.5533156394958496,-1.668655815720558,1.1339151561260221,4.3977344036102295,5.619863033294678,6.995353126525878,7.287160873413086
44,table,1,1,offset,12,1.025702570254604,0.31074514452142515,0.4753687381744385,0.5988761767745018,0.7858580518513917,1.0272765755653381,1.1953741312026978,1.5402016818523405,1.6011042594909668
44,table,1,1,gap,12,4.900846482565005,5.514016201058671,-6.057368755340576,-4.53506398499012,0.6961142085492609,6.731788635253906,8.84897780418396,10.910302889347076,11.372113227844238
44,table,1,1,abs_gap,12,6.61134293799599,3.2730437619160915,0.9160680770874023,1.0906602017581462,5.2415177673101425,6.731788635253906,8.84897780418396,10.910302889347076,11.372113227844238
44,table,1,1,quality,12,0.43844449520111084,0.18144498674095516,0.1534684747457504,0.16110250726342196,0.3225116245448589,0.4398936331272125,0.5620032995939255,0.699537318944931,0.7287172675132751
44,table,1,1,loss,12,0.05307086820661142,0.11036217870245714,1.1512018470938301e-05,1.9841573321732755e-05,0.000169977157600254,0.0012020040620730477,0.011216154594147598,0.2920351037714065,0.33653585733342095
44,table,2,-1,logit0,17,-1.3026997341829187,3.2246891567300957,-3.971945524215698,-3.8375823497772217,-3.351308584213257,-3.2060811519622803,0.644241213798523,4.98428430557251,5.232405185699463
44,table,2,-1,logit1,17,3.222884930231992,3.941436666954494,-4.564615726470947,-4.256596469879151,0.3563312590122223,5.287068843841553,6.035714149475098,6.360813426971435,6.5487589836120605
44,table,2,-1,offset,17,0.9600925980245366,0.39196647325817524,0.31668806076049805,0.33045339584350586,0.5454312562942506,1.061062753200531,1.2884067296981814,1.4349772214889525,1.5234507322311401
44,table,2,-1,gap,17,4.525584664414911,7.159087612933523,-9.79702091217041,-9.24088077545166,-0.28790995478630066,8.587680101394653,9.45906376838684,10.109105157852172,10.520704507827759
44,table,2,-1,abs_gap,17,8.034311426036497,2.6801663966823037,0.28790995478630066,2.531474393606186,8.00583553314209,9.101845741271973,9.46387004852295,10.109105157852172,10.520704507827759
44,table,2,-1,quality,17,0.5013404707698261,0.1463977540081839,0.1203759312629699,0.19495584964752188,0.4850798547267914,0.5287256240844727,0.6035802364349365,0.6360854983329772,0.654878556728363
44,table,2,-1,loss,17,0.7744757512533833,2.293609359727274,2.697181856881059e-05,4.1488814192902626e-05,7.76026602258284e-05,0.0001319510661046408,0.0005285888400443639,4.4012361716663495,9.459141744910376
44,table,2,0,logit0,2,-0.5572335720062256,2.6488475799560547,-3.2060811519622803,-2.941196393966675,-1.881657361984253,-0.5572335720062256,0.7671902179718018,1.8267292499542234,2.091614007949829
44,table,2,0,logit1,2,2.626115560531616,3.6268670558929443,-1.000751495361328,-0.6380647897720335,0.8126820325851443,2.626115560531616,4.439549088478088,5.890295910835266,6.2529826164245605
44,table,2,0,offset,2,1.0344409942626953,0.48900973796844477,0.5454312562942506,0.594332230091095,0.789936125278473,1.0344409942626953,1.2789458632469177,1.4745497584342957,1.5234507322311401
44,table,2,0,gap,2,3.183349132537842,6.275714635848999,-3.0923655033111572,-2.4647940397262573,0.045491814613342285,3.183349132537842,6.321206450462341,8.831492304801941,9.45906376838684
44,table,2,0,abs_gap,2,6.275714635848999,3.183349132537842,3.0923655033111572,3.4107004165649415,4.684040069580078,6.275714635848999,7.86738920211792,9.140728855133057,9.45906376838684
44,table,2,0,quality,2,0.41945344954729075,0.20585262030363086,0.2136008292436599,0.23418609127402298,0.31652713939547533,0.41945344954729075,0.5223797596991062,0.6047208078205585,0.6253060698509216
44,table,2,0,loss,2,6.297950761632862,3.1611909832775136,3.1367597783553487,3.4528788766831,4.717355269994106,6.297950761632862,7.878546253271619,9.143022646582624,9.459141744910376
44,table,2,1,logit0,15,-1.4020952224731444,3.281098638465368,-3.971945524215698,-3.8543777465820312,-3.4636789560317993,-3.293775081634521,-0.3311730623245239,5.015299415588379,5.232405185699463
44,table,2,1,logit1,15,3.3024541795253755,3.9747379399440668,-4.564615726470947,-4.295098876953125,1.8925220519304276,5.287068843841553,6.007155656814575,6.384306621551514,6.5487589836120605
44,table,2,1,offset,15,0.9501794785261154,0.37603640869101357,0.31668806076049805,0.3287327289581299,0.6739168837666512,1.061062753200531,1.2437589168548584,1.381426966190338,1.4128588438034058
44,table,2,1,gap,15,4.70454940199852,7.250012855884825,-9.79702091217041,-9.310398292541503,2.2236951142549515,8.587680101394653,9.399693012237549,10.16055507659912,10.520704507827759
44,table,2,1,abs_gap,15,8.268790998061498,2.514471498489696,0.28790995478630066,3.401083114743233,8.293339729309082,9.101845741271973,9.63044548034668,10.16055507659912,10.520704507827759
44,table,2,1,quality,15,0.5122587402661641,0.1327653168172649,0.1203759312629699,0.2767345875501633,0.48865821957588196,0.5287256240844727,0.600725382566452,0.6384346306324005,0.654878556728363
44,table,2,1,loss,15,0.03801241653611941,0.13939471980891718,2.697181856881059e-05,3.967418973989112e-05,6.660907729116872e-05,0.00011145368119880317,0.0002605520249217008,0.173974485244767,0.5595181304365218
44,table,3,-1,logit0,17,-0.23007164895534515,2.4071532270732483,-3.1901419162750244,-3.147509622573853,-2.873305559158325,-0.3985185325145721,1.9771572351455688,3.2495717048645023,3.4777321815490723
44,table,3,-1,logit1,17,1.363304920056287,2.9230859889157217,-3.206559181213379,-3.029461479187012,-1.2436460256576538,1.378222942352295,4.492486953735352,5.066027736663818,5.2352728843688965
44,table,3,-1,offset,17,0.5666166355504709,0.29061402727041047,0.10367226600646995,0.12920365333557132,0.36082029342651367,0.5155551433563232,0.8621293306350708,1.017350125312805,1.0492106676101682
44,table,3,-1,gap,17,1.5933765690116322,5.323514878632707,-6.684291362762451,-6.279033184051514,-3.2208032608032227,1.588476613163948,7.2607152462005615,8.211902570724487,8.372124433517456
44,table,3,-1,abs_gap,17,4.872933642829166,2.6708008660854454,0.5557035207748413,1.224189805984497,2.4950382113456726,5.039253234863281,7.2607152462005615,8.211902570724487,8.372124433517456
44,table,3,-1,quality,17,0.3072831889285761,0.1433939921191956,0.1214935109019279,0.12363422960042951,0.1723392158746719,0.2950858771800995,0.4493189454078674,0.5066322207450866,0.5235504508018494
44,table,3,-1,loss,17,0.3890235331878666,0.8976315268937547,0.00023119708386509785,0.00027220408920491934,0.0007023586084953237,0.006457688666533734,0.1858457612112805,2.5010094230973388,3.259949910459132
44,table,3,0,logit0,2,1.7980748414993286,0.17908239364624023,1.6189924478530884,1.6369006872177123,1.7085336446762085,1.7980748414993286,1.8876160383224487,1.959248995780945,1.9771572351455688
44,table,3,0,logit1,2,-0.9157640933990479,0.32788193225860596,-1.2436460256576538,-1.2108578324317931,-1.0797050595283508,-0.9157640933990479,-0.7518231272697449,-0.6206703543663025,-0.5878821611404419
44,table,3,0,offset,2,0.4411553740501404,0.07439976930618286,0.3667556047439575,0.3741955816745758,0.40395548939704895,0.4411553740501404,0.4783552587032318,0.508115166425705,0.5155551433563232
44,table,3,0,gap,2,-2.7138389348983765,0.5069643259048462,-3.2208032608032227,-3.170106828212738,-2.9673210978507996,-2.7138389348983765,-2.4603567719459534,-2.257571041584015,-2.2068746089935303
44,table,3,0,abs_gap,2,2.7138389348983765,0.5069643259048462,2.2068746089935303,2.257571041584015,2.4603567719459534,2.7138389348983765,2.9673210978507996,3.170106828212738,3.2208032608032227
44,table,3,0,quality,2,0.18698479980230331,0.014645583927631392,0.1723392158746719,0.17380377426743504,0.1796620078384876,0.18698479980230331,0.194307591766119,0.20016582533717156,0.2016303837299347
44,table,3,0,loss,2,2.7856121058580117,0.4743378046011202,2.3112743012568915,2.3587080817170034,2.5484432035574516,2.7856121058580117,3.0227810081585718,3.21251612999902,3.259949910459132
44,table,3,1,logit0,15,-0.5004911810159683,2.4374409389855582,-3.1901419162750244,-3.152838659286499,-2.9273762702941895,-0.7450047135353088,1.5724500715732574,3.2780917644500733,3.4777321815490723
44,table,3,1,logit1,15,1.6671807885169982,2.9806812025155454,-3.206559181213379,-3.0515986919403075,-0.701196938753128,1.587327480316162,4.737096071243286,5.087183380126953,5.2352728843688965
44,table,3,1,offset,15,0.583344803750515,0.30430374481182315,0.10367226600646995,0.12601222991943367,0.35031433403491974,0.562175840139389,0.8789554834365845,1.0213326930999755,1.0492106676101682
44,table,3,1,gap,15,2.1676719695329667,5.411169415913591,-6.684291362762451,-6.329690456390381,-2.2736470103263855,2.4950382113456726,7.621189594268799,8.231930303573607,8.372124433517456
44,table,3,1,abs_gap,15,5.160812937219938,2.7102704740008674,0.5557035207748413,1.14062902033329,2.554699659347534,6.177718639373779,7.621189594268799,8.231930303573607,8.372124433517456
44,table,3,1,quality,15,0.32332297414541245,0.14521701388680558,0.1214935109019279,0.1233666397631168,0.18033047020435328,0.3194604814052582,0.47375884652137756,0.5087469995021819,0.5235504508018494
44,table,3,1,loss,15,0.06947839016518055,0.12348207204738401,0.00023119708386509785,0.00026707821353744166,0.0005219853409070829,0.0020730064757725764,0.07496269388614274,0.29152237315726637,0.4534095378988554
44,table,4,-1,logit0,17,-0.4329638305832358,2.632893521668816,-4.385735988616943,-3.4256709098815916,-2.738870620727539,-0.5809962749481201,1.614000678062439,4.187665271759033,4.244987964630127
44,table,4,-1,logit1,17,1.5431670493939345,2.7358091725346565,-3.1652028560638428,-3.022626447677612,-0.7329908609390259,1.9370455741882324,4.165896415710449,4.6717741012573235,5.707394599914551
44,table,4,-1,offset,17,0.5551016094053493,0.11253028221019021,0.3637206554412842,0.41903085708618165,0.47687681019306183,0.5230180621147156,0.6608293056488037,0.7135599136352538,0.781437873840332
44,table,4,-1,gap,17,1.9761308799771702,5.364970455863065,-7.41019082069397,-7.210291719436645,-2.346991539001465,2.5180418491363525,6.953433990478516,8.097445011138914,10.093130588531494
44,table,4,-1,abs_gap,17,5.072556129273246,2.6376458371918146,0.3776731193065644,1.5128855645656587,2.482821464538574,5.307758808135986,7.059370040893555,8.097445011138914,10.093130588531494
44,table,4,-1,quality,17,0.31548892093055386,0.12935138655065848,0.1187748685479164,0.14252703934907912,0.1815154403448104,0.3076290786266327,0.422713428735733,0.4672183394432067,0.5707436203956604
44,table,4,-1,loss,17,0.75113894896313,1.815025981194626,4.1361863650557495e-05,0.00040912459916437883,0.0008752030664540555,0.005826508489866988,0.12601836834063485,3.5325789190176975,7.4107956929483185
44,table,4,0,logit0,3,1.8381510575612385,1.9244269703840229,-0.46548593044281,-0.2454422235488891,0.6347326040267944,1.734951138496399,2.989969551563263,3.993984282016754,4.244987964630127
44,table,4,0,logit1,3,-0.8606234788894653,1.8373805246257855,-3.1652028560638428,-2.923469603061676,-1.956536591053009,-0.7478703260421753,0.2916662096977234,1.123295438289642,1.331202745437622
44,table,4,0,offset,3,0.48876378933588666,0.043826850188986334,0.432858407497406,0.4389266073703766,0.4631994068622589,0.4935404062271118,0.516716480255127,0.5352573394775391,0.5398925542831421
44,table,4,0,gap,3,-2.698774536450704,3.761793394385338,-7.41019082069397,-6.91745388507843,-4.946506142616272,-2.482821464538574,-0.34306639432907104,1.3687376618385312,1.7966886758804321
44,table,4,0,abs_gap,3,3.8965669870376587,2.5002478389479985,1.7966886758804321,1.8653019547462464,2.139755070209503,2.482821464538574,4.946506142616272,6.91745388507843,7.41019082069397
44,table,4,0,quality,3,0.25151328245798743,0.12310369929509382,0.1484650820493698,0.15177011787891387,0.1649902611970901,0.1815154403448104,0.30303738266229624,0.4002549365162849,0.4245593249797821
44,table,4,0,loss,3,3.9746523625477708,2.4425695053507264,1.950136669159947,2.011425474797457,2.2565806973474967,2.5630247255350467,4.986910209241683,6.9260185962069905,7.4107956929483185
44,table,4,1,logit0,14,-0.9196313066141946,2.5063662055700133,-4.385735988616943,-3.60568311214447,-2.7753708362579346,-1.8735190033912659,0.3784018009901047,3.8687431812286377,4.17333459854126
44,table,4,1,logit1,14,2.0582650197403773,2.619460003372195,-2.9869823455810547,-2.889421224594116,0.5970611646771431,2.869357943534851,4.211180686950684,4.865952944755554,5.707394599914551
44,table,4,1,offset,14,0.5693168565630913,0.11755806225358155,0.3637206554412842,0.40935156345367446,0.48247086629271513,0.5580970942974091,0.673725813627243,0.7262870311737061,0.781437873840332
44,table,4,1,gap,14,2.9778963263545717,5.121679894270717,-7.1603169441223145,-6.758164405822754,0.21865936368703837,4.769309103488922,7.0188212394714355,8.471636056900024,10.093130588531494
44,table,4,1,abs_gap,14,5.324553802609444,2.5978064348619734,0.3776731193065644,1.4371625199913978,2.987580269575119,5.924689769744873,7.054681777954102,8.471636056900024,10.093130588531494
44,table,4,1,quality,14,0.3291979863175324,0.1265100031382367,0.1187748685479164,0.1488304484635591,0.21942747756838793,0.3391232192516327,0.4213878437876701,0.4866293296217918,0.5707436203956604
44,table,4,1,loss,14,0.060386074623564046,0.13414312590618566,4.1361863650557495e-05,0.0003401690862555373,0.0008630134586715688,0.003190949743946403,0.061211551492548866,0.26462428592947196,0.5220352757373128
44,us,-1,-1,logit0,85,-0.2539938818142914,0.8113952044800838,-1.9543533325195312,-1.5211502313613892,-0.8514889478683472,-0.2138943523168563,0.3353703022003174,1.1267842531204222,1.807737708091736
44,us,-1,-1,logit1,85,2.180692127171685,1.0299104226531033,-0.3659981191158294,0.5517981052398682,1.493379831314087,2.0940215587615967,2.8174679279327397,3.8561985015869134,4.84709358215332
44,us,-1,-1,offset,85,0.9633491226786967,0.22280958664367578,0.5896006375551224,0.6716294139623642,0.7873328775167465,0.941622368991375,1.1115471720695496,1.4392355561256407,1.588975191116333
44,us,-1,-1,gap,85,2.434686008985976,1.7998830143885016,-1.9479038715362549,-0.75194251537323,1.1790129765868187,2.3341233283281326,3.7572657465934753,5.319114685058593,6.671010255813599
44,us,-1,-1,abs_gap,85,2.6077891732100396,1.5384116665979874,0.006817936897277832,0.5256735682487488,1.4655397534370425,2.3341233283281326,3.7572657465934753,5.319114685058593,6.671010255813599
44,us,-1,-1,quality,85,0.241494641233893,0.07768193591988383,0.146710529923439,0.1522581338882446,0.1804700195789337,0.2219811677932739,0.2853603661060333,0.3861161351203918,0.4848360121250152
44,us,-1,-1,loss,85,0.6969804507034423,1.0678823408241456,0.0012663158743633218,0.004932882911353964,0.023910939860105174,0.14392953743371772,0.9659403143626308,3.070277736479375,4.244993091338108
44,us,-1,0,logit0,22,0.020821283486756423,0.7403454909542603,-1.1419562101364136,-1.0906622856855392,-0.4680917263031006,-0.1757101714611053,0.47722477465867996,1.1387094318866733,1.807737708091736
44,us,-1,0,logit1,22,1.857934145764871,0.8180893126149553,0.1928771138191223,0.25419228523969645,1.4028453826904297,1.9773511290550232,2.460739493370056,2.9515810370445252,3.088597297668457
44,us,-1,0,offset,22,0.9393777146258138,0.1913209495696704,0.6659844219684602,0.6886876694858074,0.7697840332984924,0.9058519527316093,1.0677920579910278,1.1658839561045171,1.4470989108085632
44,us,-1,0,gap,22,1.8371128622781148,1.512728764784113,-1.2992107868194582,-0.9434358611702921,0.9242108911275864,2.318639323115349,2.846082042902708,3.761972424387932,4.230553507804871
44,us,-1,0,abs_gap,22,2.1222096729007633,1.076827789759992,0.48689574003219604,0.6900105625391006,1.1049962416291237,2.318639323115349,2.846082042902708,3.761972424387932,4.230553507804871
44,us,-1,0,quality,22,0.21697701107371933,0.0482956457603098,0.146710529923439,0.1475333645939827,0.18225993216037747,0.20757441222667689,0.25212948024272913,0.2975313022732734,0.3103036880493164
44,us,-1,0,loss,22,2.2914972039162453,0.9468814979614729,0.9659403143626308,1.0966987316563417,1.3910907306999443,2.41250448472306,2.902734179237962,3.784944409721601,4.244993091338108
44,us,-1,1,logit0,63,-0.34996108239560964,0.8131909294567383,-1.9543533325195312,-1.5484992027282716,-0.9881090521812439,-0.244107961654663,0.16880001872777933,0.9211163580417633,1.6129997968673706
44,us,-1,1,logit1,63,2.293401263535969,1.0716013994763744,-0.3659981191158294,0.7599680721759796,1.5385351181030273,2.188521146774292,3.005303978919983,4.126875495910644,4.84709358215332
44,us,-1,1,offset,63,0.9717200905701796,0.23222223738413955,0.5896006375551224,0.6702194638550282,0.7933289371430874,0.9518036842346191,1.1134181134402752,1.4532113552093504,1.588975191116333
44,us,-1,1,gap,63,2.6433623459315787,1.8448602722369232,-1.9479038715362549,-0.14742549657821655,1.4785310857696459,2.587597891688347,3.9026403129100795,5.628672659397125,6.671010255813599
44,us,-1,1,abs_gap,63,2.7773566177624853,1.636204184610808,0.006817936897277832,0.254096531867981,1.5597043111920357,2.587597891688347,3.9026403129100795,5.628672659397125,6.671010255813599
44,us,-1,1,quality,63,0.2500563533533187,0.08392874403621663,0.1495286673307418,0.15383126884698864,0.18136128038167948,0.2245253324508667,0.3038533329963684,0.4131334006786346,0.4848360121250152
44,us,-1,1,loss,63,0.14016507656563798,0.16616332553671015,0.0012663158743633218,0.003599365754008366,0.019998771303948448,0.07250712136519155,0.1908347940672025,0.577637066594503,0.6897440226329943
44,us,0,-1,logit0,17,-0.7604777532191399,0.7355763412393024,-1.9543533325195312,-1.7925140380859375,-1.1419562101364136,-0.9083589315414428,-0.394561767578125,0.3570771813392632,1.1314457654953003
44,us,0,-1,logit1,17,2.7259720932034885,0.9805975475835268,0.2408062517642974,1.2170723259449006,2.4006097316741943,2.83314847946167,3.088597297668457,4.0452795028686515,4.612458229064941
44,us,0,-1,offset,17,0.9827471699921743,0.15132586781503593,0.6680052652955055,0.6825018599629402,0.9623947739601135,0.9733205437660217,1.0761128664016724,1.166327142715454,1.329052448272705
44,us,0,-1,gap,17,3.4864498464226283,1.7069534660194334,-0.8906395137310029,1.0908858239650727,2.9413492679595947,3.741507411003113,4.230553507804871,5.837793540954589,6.566811561584473
44,us,0,-1,abs_gap,17,3.5912309656850994,1.4737987711626697,0.8906395137310029,1.447141629457474,2.9413492679595947,3.741507411003113,4.230553507804871,5.837793540954589,6.566811561584473
44,us,0,-1,quality,17,0.2844344535294701,0.07890338147850795,0.1475314348936081,0.1612950652837753,0.2446692287921905,0.2856590151786804,0.3103036880493164,0.404835420846939,0.4613863527774811
44,us,0,-1,loss,17,0.8619904258270149,1.4153495934413551,0.0014052862125035759,0.0030746435697400543,0.016814620669002966,0.03688440720834407,1.2345080563459128,3.873274501800462,4.244993091338108
44,us,0,0,logit0,5,-0.259846618771553,0.817108570373677,-1.1419562101364136,-1.073290193080902,-0.7986261248588562,-0.6535815596580505,0.1634850353002548,0.937853619456291,1.1314457654953003
44,us,0,0,logit1,5,2.090326911211014,1.0367900215629975,0.2408062517642974,0.5452413320541382,1.762981653213501,2.4006097316741943,2.958639621734619,3.0626057624816894,3.088597297668457
44,us,0,0,offset,5,0.9152401462197304,0.13195382903716552,0.6861260086297989,0.7236036241054535,0.8735140860080719,0.9632333442568779,0.9733205437660217,1.0586695075035095,1.0800067484378815
44,us,0,0,gap,5,2.350173529982567,1.848121391356951,-0.8906395137310029,-0.3926122874021531,1.5994966179132462,3.054191291332245,3.7572657465934753,4.135895955562591,4.230553507804871
44,us,0,0,abs_gap,5,2.706429335474968,1.27047571810814,0.8906395137310029,1.0324109345674515,1.5994966179132462,3.054191291332245,3.7572657465934753,4.135895955562591,4.230553507804871
44,us,0,0,quality,5,0.23907458782196045,0.06155797161693232,0.1475314348936081,0.15696448981761932,0.1946967095136642,0.2446692287921905,0.2981718778610229,0.3078773260116577,0.3103036880493164
44,us,0,0,loss,5,2.828720354671788,1.1505820397880466,1.2345080563459128,1.3443028321661312,1.7834819354470055,3.1002738358118616,3.780344854416051,4.152063443953696,4.244993091338108
44,us,0,1,logit0,12,-0.9690740592389678,0.5834234200706782,-1.9543533325195312,-1.8430888175964355,-1.394793838262558,-0.9881090521812439,-0.576849564909935,-0.06631093674805028,0.0055769686587154
44,us,0,1,logit1,12,2.9908242523670197,0.8220941060273459,1.4611388444900513,1.7269441902637481,2.6195883750915527,2.8824058771133423,3.6238142251968384,4.222522854804992,4.612458229064941
44,us,0,1,offset,12,1.0108750965640259,0.14998683033016086,0.6680052652955055,0.7912377197295427,0.9630446285009382,0.9890603573294356,1.081095427274704,1.217178800702095,1.329052448272705
44,us,0,1,gap,12,3.9598983116059876,1.393721283260675,1.5862671583890915,1.7801845987560228,3.1964379400014877,3.8391557335853577,5.026077955961227,6.0656116724014275,6.566811561584473
44,us,0,1,abs_gap,12,3.9598983116059876,1.393721283260675,1.5862671583890915,1.7801845987560228,3.1964379400014877,3.8391557335853577,5.026077955961227,6.0656116724014275,6.566811561584473
44,us,0,1,quality,12,0.3033343975742658,0.07762980543198893,0.1647359728813171,0.18846731334924693,0.266011394560337,0.2903788089752197,0.3630262836813926,0.4225075870752334,0.4613863527774811
44,us,0,1,loss,12,0.04251962214169295,0.05547448702888682,0.0014052862125035759,0.002552969395603655,0.006543573772092914,0.021381996898520716,0.04052530712704949,0.1577289170814553,0.18622082498491332
44,us,1,-1,logit0,17,-0.6921386132427656,0.5344460136307424,-1.5509376525878906,-1.5098183631896973,-1.1060326099395752,-0.652393639087677,-0.4177147448062897,0.23217180967330914,0.3404096961021423
44,us,1,-1,logit1,17,2.27671614113976,0.6021776562719549,1.2721387147903442,1.3134130716323853,1.891818642616272,2.2894015312194824,2.743142604827881,3.1406200408935545,3.416995048522949
44,us,1,-1,offset,17,0.7922887639484971,0.08255280825951021,0.650028795003891,0.6821235597133637,0.7476186222629622,0.7680637538433075,0.8411263525485992,0.9531885981559753,0.9587282538414001
44,us,1,-1,gap,17,2.968854754382525,1.1266059993590603,0.9317290186882019,1.0812412619590759,2.308918833732605,2.914223611354828,3.7903863191604614,4.681277871131897,4.916533589363098
44,us,1,-1,abs_gap,17,2.968854754382525,1.1266059993590603,0.9317290186882019,1.0812412619590759,2.308918833732605,2.914223611354828,3.7903863191604614,4.681277871131897,4.916533589363098
44,us,1,-1,quality,17,0.23623406799400554,0.05237197894182127,0.1604224294424057,0.1606004327535629,0.1986554712057113,0.2343144416809082,0.2760004997253418,0.31499042510986325,0.3424292802810669
44,us,1,-1,loss,17,0.7524269914330961,1.2241952899993545,0.007297782822970333,0.009284007130056083,0.022335568086646607,0.056732108446491125,0.33208556426546165,3.117271969635503,3.785186491579788
44,us,1,0,logit0,4,-0.6369990929961205,0.28165787351757127,-1.1060326099395752,-1.0312000423669816,-0.7318697720766068,-0.5124317854642868,-0.4175611063838005,-0.4171923741698265,-0.417100191116333
44,us,1,0,logit1,4,2.1969113945961,0.30553985535610456,1.891818642616272,1.9005815267562867,1.9356330633163452,2.119819700717926,2.3810980319976807,2.6011696338653563,2.6561875343322754
44,us,1,0,offset,4,0.7799561507999897,0.037972473422415665,0.7373592257499695,0.7416945762932301,0.7590359784662724,0.770669512450695,0.7915896847844124,0.8312190189957619,0.8411263525485992
44,us,1,0,gap,4,2.8339104875922203,0.5827554263150834,2.308918833732605,2.317773900926113,2.3531941697001457,2.632251486182213,3.1129678040742874,3.6323696762323374,3.7622201442718506
44,us,1,0,abs_gap,4,2.8339104875922203,0.5827554263150834,2.308918833732605,2.317773900926113,2.3531941697001457,2.632251486182213,3.1129678040742874,3.6323696762323374,3.7622201442718506
44,us,1,0,quality,4,0.2262158021330833,0.02765203645201906,0.1986554712057113,0.19945383518934245,0.20264729112386698,0.2191461697220802,0.24271468073129654,0.2628752544522285,0.2679153978824615
44,us,1,0,loss,4,2.899157111976421,0.5541326498355202,2.4036548737608276,2.411730704209049,2.4440340260019324,2.7038935412825333,3.1590166272570217,3.6599525187152344,3.785186491579788
44,us,1,1,logit0,13,-0.7091046194725025,0.5898190803349095,-1.5509376525878906,-1.5200981855392457,-1.138852596282959,-0.7108997702598572,-0.4902113080024719,0.2592312812805173,0.3404096961021423
44,us,1,1,logit1,13,2.301271447768578,0.665511525757511,1.2721387147903442,1.303094482421875,1.790268898010254,2.3034827709198,2.7650704383850098,3.209713792800903,3.416995048522949
44,us,1,1,offset,13,0.7960834141480378,0.09168978821787675,0.650028795003891,0.6740998685359955,0.7476186222629622,0.7680637538433075,0.869877278804779,0.9545735120773315,0.9587282538414001
44,us,1,1,gap,13,3.0103760672410806,1.2441688823598913,0.9317290186882019,1.0438632011413573,2.280480206012726,2.958099663257599,4.074220895767212,4.740091800689697,4.916533589363098
44,us,1,1,abs_gap,13,3.0103760672410806,1.2441688823598913,0.9317290186882019,1.0438632011413573,2.280480206012726,2.958099663257599,4.074220895767212,4.740091800689697,4.916533589363098
44,us,1,1,quality,13,0.23931661133582777,0.05754227943446541,0.1604224294424057,0.1605559319257736,0.1887608915567398,0.23513925075531,0.2787406146526336,0.3218501389026641,0.3424292802810669
44,us,1,1,loss,13,0.09189464665053465,0.10492792404025317,0.007297782822970333,0.008787451053284646,0.016862484349810636,0.050614674157972495,0.09734002828166699,0.30246485471930873,0.33208556426546165
44,us,2,-1,logit0,17,-0.26875068773241606,0.8845828182071205,-1.8239166736602783,-1.586025857925415,-0.8002194762229919,-0.4241629540920257,0.3796193897724151,1.0528618097305293,1.6129997968673706
44,us,2,-1,logit1,17,2.478376006378847,1.3461898106527803,-0.3349040746688843,0.5316301107406617,1.4967602491378784,2.5610275268554688,3.0929713249206543,4.733021545410156,4.84709358215332
44,us,2,-1,offset,17,1.1048126593232155,0.247249046013849,0.6390478610992432,0.7678167819976807,0.9381898194551468,1.1152890548110008,1.1982958316802979,1.5270658016204834,1.588975191116333
44,us,2,-1,gap,17,2.747126694111263,2.2237129252954855,-1.9479038715362549,-0.5212316989898681,1.1171408593654633,3.0812302827835083,3.868476569652557,6.319047403335571,6.671010255813599
44,us,2,-1,abs_gap,17,2.9956522855688545,1.8755456890171942,0.13059759140014648,0.15777044296264647,1.9479038715362549,3.0812302827835083,3.868476569652557,6.319047403335571,6.671010255813599
44,us,2,-1,quality,17,0.27488518462461586,0.10108692614500495,0.1495286673307418,0.15207165181636803,0.1779842227697372,0.2614836394786834,0.311532974243164,0.47348473668098445,0.4848360121250152
44,us,2,-1,loss,17,0.5434845323368177,0.9364867613525613,0.0012663158743633218,0.0018256144978222367,0.020674962304238154,0.07250712136519155,0.6142466893729148,2.608983251008606,3.338487672314359
44,us,2,0,logit0,3,-0.0809302181005478,0.3551937142302302,-0.4848840534687042,-0.45014824718236923,-0.31120502203702927,-0.1375259906053543,0.12104669958353037,0.3279048517346381,0.3796193897724151
44,us,2,0,logit1,3,2.170275171597799,0.5394978131120711,1.4967602491378784,1.5667439579963685,1.8466787934303284,2.1965973377227783,2.507032632827759,2.7553808689117436,2.8174679279327397
44,us,2,0,offset,3,1.0446724767486255,0.09373539403263852,0.9381898194551468,0.9473244048655033,0.9838627465069294,1.029535673558712,1.0979138053953648,1.1526163108646872,1.1662919372320177
44,us,2,0,gap,3,2.2512053896983466,0.8940333514947478,1.1171408593654633,1.23883910626173,1.725632093846798,2.3341233283281326,2.818237654864788,3.205529116094113,3.302351981401444
44,us,2,0,abs_gap,3,2.2512053896983466,0.8940333514947478,1.1171408593654633,1.23883910626173,1.725632093846798,2.3341233283281326,2.818237654864788,3.205529116094113,3.302351981401444
44,us,2,0,quality,3,0.23075089852015176,0.04385548958990844,0.1779842227697372,0.18307661116123194,0.20344616472721094,0.2289081066846847,0.25713423639535904,0.2797151401638985,0.2853603661060333
44,us,2,0,loss,3,2.3884392309181295,0.7917534122228371,1.4002228747578616,1.5028613018502923,1.9134150102200151,2.4266071456821687,2.882547408998264,3.24729961965114,3.338487672314359
44,us,2,1,logit0,14,-0.3089979312249592,0.9560065704980647,-1.8239166736602783,-1.6306303858757019,-1.0172182768583298,-0.47218285501003265,0.36180182918906206,1.1578876823186872,1.6129997968673706
44,us,2,1,logit1,14,2.544397613831929,1.4537852839556753,-0.3349040746688843,0.3691549509763718,1.525140255689621,2.659519910812378,3.164961099624634,4.7544100522995,4.84709358215332
44,us,2,1,offset,14,1.1176998413034849,0.2672226109760122,0.6390478610992432,0.7436726093292236,0.91975187510252,1.1246539317071438,1.2359717320650816,1.5386738121509551,1.588975191116333
44,us,2,1,gap,14,2.853395545056888,2.4019260467582595,-1.9479038715362549,-0.7887327313423156,1.1633384265005589,3.1317027658224106,4.176000818610191,6.385040438175201,6.671010255813599
44,us,2,1,abs_gap,14,3.1551766203982488,1.9889633894917573,0.13059759140014648,0.15267553329467773,1.9491807408630848,3.1317027658224106,4.176000818610191,6.385040438175201,6.671010255813599
44,us,2,1,quality,14,0.28434253164700096,0.10718809752932573,0.1495286673307418,0.1515948422253131,0.18658220395445818,0.27067531645298004,0.3180876895785332,0.47561310082674024,0.4848360121250152
44,us,2,1,loss,14,0.14813709692653645,0.21191953979521902,0.0012663158743633218,0.0017207460059236901,0.015494816672754985,0.042768925094341714,0.13312341981073345,0.6197529413387748,0.6299788378468003
44,us,3,-1,logit0,17,0.4832516983151436,0.5771854933827747,-0.8514889478683472,-0.34141327142715444,0.1740359812974929,0.4001367688179016,0.6907555460929871,1.272820925712585,1.807737708091736
44,us,3,-1,logit1,17,1.7653446092325098,0.8765310788685362,0.1928771138191223,0.44539695978164673,1.3715404272079468,1.7042430639266968,2.4807827472686768,3.13979377746582,3.66705322265625
44,us,3,-1,offset,17,1.1242981537738268,0.2153640163233356,0.6659844219684602,0.7919649660587311,1.031147986650467,1.1329066455364227,1.1581323146820068,1.4693696074187754,1.5584523938596249
44,us,3,-1,gap,17,1.2820929109173662,1.4203425691995022,-1.2992107868194582,-1.0168138504028321,0.6807848811149597,1.1009480357170105,2.392590641975403,3.2229508697986593,4.518542170524597
44,us,3,-1,abs_gap,17,1.5694552550421041,1.094506943114356,0.006817936897277832,0.15908720493316653,0.8963854908943176,1.2992107868194582,2.392590641975403,3.2229508697986593,4.518542170524597
44,us,3,-1,quality,17,0.21699441618779125,0.05632439561557707,0.146710529923439,0.15105876028537749,0.1782285273075103,0.2048915475606918,0.254616230726242,0.31848527193069454,0.3677899241447449
44,us,3,-1,loss,17,0.7970610492337463,0.8182668329653895,0.010845879813506265,0.04505892435123524,0.19544876314949167,0.3815833849597352,1.274228150864805,2.536047458201707,2.76005669950355
44,us,3,0,logit0,6,0.7129648750027021,0.6410009702403778,-0.2138943523168563,-0.09771986678242678,0.33892644941806793,0.6470252871513367,1.0270076841115954,1.6405762135982516,1.807737708091736
44,us,3,0,logit1,6,1.483560750881831,0.914464312188579,0.1928771138191223,0.2717895656824112,0.7242802977561951,1.5378917455673218,2.2866478264331818,2.6027413606643677,2.6433942317962646
44,us,3,0,offset,6,1.0982628129422665,0.2312857753796388,0.6659844219684602,0.7572753131389619,1.0567220393568277,1.1436066217720509,1.157041497528553,1.3748572617769241,1.4470989108085632
44,us,3,0,gap,6,0.7705958758791288,1.5100602652409043,-1.2992107868194582,-1.2109617441892626,-0.539464741945267,0.8908664584159851,2.0696799904108047,2.6191554851830006,2.694677099585533
44,us,3,0,abs_gap,6,1.5190710102518399,0.7526774039346511,0.6807848811149597,0.7471423149108887,0.9848979711532595,1.2000794112682343,2.1192456781864166,2.6191554851830006,2.694677099585533
44,us,3,0,quality,6,0.20942528297503785,0.04307888708624742,0.146710529923439,0.15456148236989972,0.18336929753422734,0.20201285928487775,0.24218505993485445,0.2684677168726921,0.2730848789215088
44,us,3,0,loss,6,1.755525459254339,0.6310562167780782,1.0903877596733218,1.1363478574711925,1.3026827838187633,1.4642174988040546,2.245130939639053,2.690053811596724,2.76005669950355
44,us,3,1,logit0,11,0.35795360194011167,0.4962435735558739,-0.8514889478683472,-0.3901266381144524,0.14148092642426485,0.3429864048957824,0.6607160866260529,1.0150877833366394,1.1081382036209106
44,us,3,1,logit1,11,1.9190448956056074,0.8150555007804645,0.7248828411102295,0.919919490814209,1.3974391222000122,1.865676522254944,2.2385929822921753,3.3375160694122314,3.66705322265625
44,us,3,1,offset,11,1.1384992487728596,0.20477129963042381,0.8234601020812988,0.8460207432508469,1.0486742742359638,1.1115471720695496,1.2083962447941303,1.4831172656267881,1.5584523938596249
44,us,3,1,gap,11,1.5610912936654957,1.2858542556163448,-0.19715452194213867,-0.09516829252243042,0.8314800560474396,1.4655397534370425,2.1159571558237076,3.7087976075708866,4.518542170524597
44,us,3,1,abs_gap,11,1.5969375703822484,1.24105503107095,0.006817936897277832,0.10198622941970825,0.8314800560474396,1.4655397534370425,2.1159571558237076,3.7087976075708866,4.518542170524597
44,us,3,1,quality,11,0.22112303430383856,0.06198639447542909,0.1521458178758621,0.1607692390680313,0.179349273443222,0.2068640440702438,0.23568384349346155,0.33697451651096344,0.3677899241447449
44,us,3,1,loss,11,0.2742622801316052,0.2077390062831016,0.010845879813506265,0.032229032649586875,0.1182454924048657,0.20778890983896825,0.36189168921304327,0.6445824158156803,0.6897440226329943
44,us,4,-1,logit0,17,-0.03185405319227891,0.5548732360436435,-1.0230562686920166,-0.9737999916076661,-0.244107961654663,-0.1241066083312034,0.1635640561580658,0.7168478012084953,1.5451993942260742
44,us,4,-1,logit1,17,1.6570517859038185,0.7463074853331418,-0.3659981191158294,0.7241248905658723,1.281031608581543,1.723947525024414,2.0044643878936768,2.8621314525604244,3.270841360092163
44,us,4,-1,offset,17,0.8125988663557697,0.11274853275365443,0.5896006375551224,0.6711402237415314,0.7532077729701996,0.7903663739562035,0.8672307729721069,0.9780764043331145,1.1238925457000732
44,us,4,-1,gap,17,1.6889058390960974,1.295711933622299,-1.9111975133419037,0.0072770893573761986,1.1790129765868187,1.8656036481261256,2.2722278833389282,3.8359314441680903,4.29389762878418
44,us,4,-1,abs_gap,17,1.9137526053716154,0.9321069218160993,0.48689574003219604,0.7505257964134217,1.2475376427173615,1.883241504430771,2.2722278833389282,3.8359314441680903,4.29389762878418
44,us,4,-1,quality,17,0.1949250838335822,0.04535889849724778,0.1475700289011001,0.15248214304447172,0.1663579791784286,0.1885258853435516,0.210257276892662,0.2883972167968749,0.3284400701522827
44,us,4,-1,loss,17,0.5299392546865365,0.7494293364260091,0.013559268766080379,0.021840605641300213,0.1355893240524788,0.1553213248406753,0.3660347435848741,2.38053978492163,2.421354095685293
44,us,4,0,logit0,4,0.06757477670907976,0.36057273839536036,-0.3070676028728485,-0.30117198675870893,-0.27758952230215067,0.03380340337753296,0.3789677023887634,0.4836014628410339,0.5097599029541016
44,us,4,0,logit1,4,1.5557702630758286,0.4628021444047727,0.9966556429862976,1.0272576183080673,1.1496655195951462,1.6025665998458862,2.0086713433265686,2.018768036365509,2.021292209625244
44,us,4,0,offset,4,0.8116725198924541,0.05148026092193073,0.7532077729701996,0.7554295405745506,0.7643166109919548,0.8125659301877022,0.8599218390882015,0.8666647247970104,0.8683504462242126
44,us,4,0,gap,4,1.4881954863667488,0.8232837785483265,0.48689574003219604,0.5436561554670334,0.7706978172063828,1.5687631964683533,2.2862608656287193,2.319940023124218,2.3283598124980927
44,us,4,0,abs_gap,4,1.4881954863667488,0.8232837785483265,0.48689574003219604,0.5436561554670334,0.7706978172063828,1.5687631964683533,2.2862608656287193,2.319940023124218,2.3283598124980927
44,us,4,0,quality,4,0.1811134256422519,0.029854471610802173,0.1475700289011001,0.14871418774127954,0.15329082310199732,0.1827275156974792,0.21055011823773379,0.21125293746590612,0.2114286422729492
44,us,4,0,loss,4,1.7435594541530894,0.6585257929109477,0.9659403143626308,1.0035403471082942,1.1539404780909472,1.793471703282217,2.383090679344359,2.4137014124171063,2.421354095685293
44,us,4,1,logit0,13,-0.06244753931577389,0.5988624197753145,-1.0230562686920166,-0.9861140608787536,-0.2107768207788467,-0.1241066083312034,0.1020186319947242,0.8308598995208724,1.5451993942260742
44,us,4,1,logit1,13,1.6882153313893538,0.8113698015365359,-0.3659981191158294,0.5562408804893495,1.4111016988754272,1.723947525024414,1.7551484107971191,2.9643089294433587,3.270841360092163
44,us,4,1,offset,13,0.81288389603679,0.12572943482957716,0.5896006375551224,0.6507553271949291,0.745478466153145,0.7903663739562035,0.8672307729721069,1.014530439674854,1.1238925457000732
44,us,4,1,gap,13,1.7506628707051277,1.403810080530449,-1.9111975133419037,-0.2746190190315245,1.2475376427173615,1.8656036481261256,1.9312586784362793,3.9504229903221124,4.29389762878418
44,us,4,1,abs_gap,13,2.0446932573731127,0.9245175565219698,0.816433310508728,1.0339811101555825,1.7134335041046143,1.883241504430771,1.9312586784362793,3.9504229903221124,4.29389762878418
44,us,4,1,quality,13,0.19917482481553003,0.04836823103190685,0.1537101715803146,0.15443675518035885,0.1683136373758316,0.1885258853435516,0.1890737861394882,0.2984079301357268,0.3284400701522827
44,us,4,1,loss,13,0.15651765485067387,0.09159475765574518,0.013559268766080379,0.019770271422495257,0.13537460904879484,0.14158313955045498,0.1657227676785915,0.30732175792019806,0.3660347435848741
